section	source_file	source_sha256	patient_id	slide_or_capture_id	overlay_width	overlay_height	frozen_crop_x	frozen_crop_y	frozen_crop_width	frozen_crop_height	colour_bbox_xmin	colour_bbox_xmax	colour_bbox_ymin	colour_bbox_ymax	pathology_colour_pixels	hires_width	hires_height	tissue_hires_scalef	spot_diameter_fullres	positions_total	positions_in_tissue	fullres_xmin	fullres_xmax	fullres_ymin	fullres_ymax	path	purpose	decision	reason	old_agreement	old_kappa	old_coordinate_A	old_coordinate_B	primary_failure_source	error_type	class_swap_evidence	background_unassigned_issue	m02_or_expression_used	recoverable	expected_kappa_impact	historical_stage10e_status_preserved	cohort	mapped_genes	canonical_genes	recomputed_sha256	expected_sha256	status	expression_values_opened	spot_spacing_overlay_px	pipeline_A_tissue_mask_dice	pipeline_B_tissue_mask_dice	pipeline_A_hausdorff_spot_diameters	pipeline_B_hausdorff_spot_diameters	pipeline_B_landmark_median_reprojection_spot_diameters	pipeline_B_landmark_p95_reprojection_spot_diameters	pipeline_B_LOLO_median_spot_diameters	A_B_median_coordinate_distance_spot_diameters	A_B_p95_coordinate_distance_spot_diameters	rotation_mirror_ambiguity_A	rotation_mirror_ambiguity_B	systematic_direction_conflict	relative_path	sha256_before	protection	input_type	sha256	expression_content	registration_pass	paired_minimum_spot_coverage	Adenoma_spots	Normal_spots	minimum_each	patient_decision	biological_inference_unit	agreement_scope	common_evaluable_spots	agreement	cohen_kappa	PABAK	Adenoma_Dice	Adenoma_IoU	Normal_Dice	Normal_IoU	pipeline_A_unassigned_fraction	pipeline_B_unassigned_fraction	consensus_unassigned_fraction	consensus_Adenoma_spots	consensus_Normal_spots	run_id	execution_backend	session_or_job_id	setup_git_commit	launch_command	expected_outputs	log_directory	status_check_command	failure_recovery_command	formal_run_limit	stage10f_started	timestamp_utc	python	platform	numpy	scipy	pillow	seed	test	pipeline_A_median_error_px	pipeline_B_median_error_px	real_M02_or_expression_accessed	pipeline	rotation_degrees	mirror	transform_family	m00	m01	tx	m10	m11	ty	geometric_objective	second_best_gap	nonlinear_used	selection_information
STAGE10E_R_COORDINATE_AUDIT	${CRC_LOCAL_PROJECT_ROOT}/results/stage10e_roi_remediation/STAGE10E_R_COORDINATE_AUDIT.tsv	ccdb17db81681436a95c8ef4c1c10818444becfbdb314663d822575911c0e9a5	case1	Rectum_kyudai_Beppu_20200303	740	925	490	40	195	155	10	181	11	135	8739	2000	1855	0.1775253	85.502312	4992	2807	1244	10061	918	9276	NA	NA	NA	NA	NA	NA	NA	NA	NA	NA	NA	NA	NA	NA	NA	NA	NA	NA	NA	NA	NA	NA	NA	NA	NA	NA	NA	NA	NA	NA	NA	NA	NA	NA	NA	NA	NA	NA	NA	NA	NA	NA	NA	NA	NA	NA	NA	NA	NA	NA	NA	NA	NA	NA	NA	NA	NA	NA	NA	NA	NA	NA	NA	NA	NA	NA	NA	NA	NA	NA	NA	NA	NA	NA	NA	NA	NA	NA	NA	NA	NA	NA	NA	NA	NA	NA	NA	NA	NA	NA	NA	NA	NA	NA	NA	NA	NA	NA	NA
STAGE10E_R_COORDINATE_AUDIT	${CRC_LOCAL_PROJECT_ROOT}/results/stage10e_roi_remediation/STAGE10E_R_COORDINATE_AUDIT.tsv	ccdb17db81681436a95c8ef4c1c10818444becfbdb314663d822575911c0e9a5	case2	Ascending_kyudai_Beppu_20200430	993	1404	175	710	180	200	11	138	19	152	5981	2000	1855	0.17754106	85.510017	4992	3417	1368	10184	1023	9380	NA	NA	NA	NA	NA	NA	NA	NA	NA	NA	NA	NA	NA	NA	NA	NA	NA	NA	NA	NA	NA	NA	NA	NA	NA	NA	NA	NA	NA	NA	NA	NA	NA	NA	NA	NA	NA	NA	NA	NA	NA	NA	NA	NA	NA	NA	NA	NA	NA	NA	NA	NA	NA	NA	NA	NA	NA	NA	NA	NA	NA	NA	NA	NA	NA	NA	NA	NA	NA	NA	NA	NA	NA	NA	NA	NA	NA	NA	NA	NA	NA	NA	NA	NA	NA	NA	NA	NA	NA	NA	NA	NA	NA	NA	NA	NA	NA	NA	NA
STAGE10E_R_COORDINATE_AUDIT	${CRC_LOCAL_PROJECT_ROOT}/results/stage10e_roi_remediation/STAGE10E_R_COORDINATE_AUDIT.tsv	ccdb17db81681436a95c8ef4c1c10818444becfbdb314663d822575911c0e9a5	case3	Sigmoid_kyudai_Beppu_20210602	993	1404	405	710	180	200	13	122	20	152	3152	2000	1857	0.17750955	85.535428	4992	2282	1126	9967	1098	9481	NA	NA	NA	NA	NA	NA	NA	NA	NA	NA	NA	NA	NA	NA	NA	NA	NA	NA	NA	NA	NA	NA	NA	NA	NA	NA	NA	NA	NA	NA	NA	NA	NA	NA	NA	NA	NA	NA	NA	NA	NA	NA	NA	NA	NA	NA	NA	NA	NA	NA	NA	NA	NA	NA	NA	NA	NA	NA	NA	NA	NA	NA	NA	NA	NA	NA	NA	NA	NA	NA	NA	NA	NA	NA	NA	NA	NA	NA	NA	NA	NA	NA	NA	NA	NA	NA	NA	NA	NA	NA	NA	NA	NA	NA	NA	NA	NA	NA	NA
STAGE10E_R_COORDINATE_AUDIT	${CRC_LOCAL_PROJECT_ROOT}/results/stage10e_roi_remediation/STAGE10E_R_COORDINATE_AUDIT.tsv	ccdb17db81681436a95c8ef4c1c10818444becfbdb314663d822575911c0e9a5	case4	Transverse_kyudai_Beppu_20211111	993	1404	635	710	180	200	0	115	20	152	4711	2000	1857	0.17754106	85.535873	4992	3767	1131	9971	1086	9468	NA	NA	NA	NA	NA	NA	NA	NA	NA	NA	NA	NA	NA	NA	NA	NA	NA	NA	NA	NA	NA	NA	NA	NA	NA	NA	NA	NA	NA	NA	NA	NA	NA	NA	NA	NA	NA	NA	NA	NA	NA	NA	NA	NA	NA	NA	NA	NA	NA	NA	NA	NA	NA	NA	NA	NA	NA	NA	NA	NA	NA	NA	NA	NA	NA	NA	NA	NA	NA	NA	NA	NA	NA	NA	NA	NA	NA	NA	NA	NA	NA	NA	NA	NA	NA	NA	NA	NA	NA	NA	NA	NA	NA	NA	NA	NA	NA	NA	NA
STAGE10E_R_DENYLIST_AUDIT	${CRC_LOCAL_PROJECT_ROOT}/results/stage10e_roi_remediation/STAGE10E_R_DENYLIST_AUDIT.tsv	87a55009ea0fb1df2128834a256cb28531d2fc287ef0b03bdf530693218b8cfa	NA	NA	NA	NA	NA	NA	NA	NA	NA	NA	NA	NA	NA	NA	NA	NA	NA	NA	NA	NA	NA	NA	NA	${CRC_PROJECT_ROOT}/config/stage10e_r_registration_inputs.tsv	frozen registration inputs	ALLOW	frozen expression-blind input	NA	NA	NA	NA	NA	NA	NA	NA	NA	NA	NA	NA	NA	NA	NA	NA	NA	NA	NA	NA	NA	NA	NA	NA	NA	NA	NA	NA	NA	NA	NA	NA	NA	NA	NA	NA	NA	NA	NA	NA	NA	NA	NA	NA	NA	NA	NA	NA	NA	NA	NA	NA	NA	NA	NA	NA	NA	NA	NA	NA	NA	NA	NA	NA	NA	NA	NA	NA	NA	NA	NA	NA	NA	NA	NA	NA	NA	NA	NA	NA	NA	NA	NA	NA	NA	NA	NA	NA	NA	NA	NA	NA	NA	NA	NA
STAGE10E_R_DENYLIST_AUDIT	${CRC_LOCAL_PROJECT_ROOT}/results/stage10e_roi_remediation/STAGE10E_R_DENYLIST_AUDIT.tsv	87a55009ea0fb1df2128834a256cb28531d2fc287ef0b03bdf530693218b8cfa	NA	NA	NA	NA	NA	NA	NA	NA	NA	NA	NA	NA	NA	NA	NA	NA	NA	NA	NA	NA	NA	NA	NA	${CRC_PROJECT_ROOT}/config/stage10e_r_parameters.tsv	frozen remediation parameters	ALLOW	frozen expression-blind input	NA	NA	NA	NA	NA	NA	NA	NA	NA	NA	NA	NA	NA	NA	NA	NA	NA	NA	NA	NA	NA	NA	NA	NA	NA	NA	NA	NA	NA	NA	NA	NA	NA	NA	NA	NA	NA	NA	NA	NA	NA	NA	NA	NA	NA	NA	NA	NA	NA	NA	NA	NA	NA	NA	NA	NA	NA	NA	NA	NA	NA	NA	NA	NA	NA	NA	NA	NA	NA	NA	NA	NA	NA	NA	NA	NA	NA	NA	NA	NA	NA	NA	NA	NA	NA	NA	NA	NA	NA	NA	NA	NA	NA	NA	NA
STAGE10E_R_DENYLIST_AUDIT	${CRC_LOCAL_PROJECT_ROOT}/results/stage10e_roi_remediation/STAGE10E_R_DENYLIST_AUDIT.tsv	87a55009ea0fb1df2128834a256cb28531d2fc287ef0b03bdf530693218b8cfa	NA	NA	NA	NA	NA	NA	NA	NA	NA	NA	NA	NA	NA	NA	NA	NA	NA	NA	NA	NA	NA	NA	NA	${CRC_PROJECT_ROOT}/results/stage10c2_sp/STAGE10C2_SP_COHORT_COMMON_GENESET.tsv	frozen 30-of-36 gene identity lock; no expression values	ALLOW	frozen expression-blind input	NA	NA	NA	NA	NA	NA	NA	NA	NA	NA	NA	NA	NA	NA	NA	NA	NA	NA	NA	NA	NA	NA	NA	NA	NA	NA	NA	NA	NA	NA	NA	NA	NA	NA	NA	NA	NA	NA	NA	NA	NA	NA	NA	NA	NA	NA	NA	NA	NA	NA	NA	NA	NA	NA	NA	NA	NA	NA	NA	NA	NA	NA	NA	NA	NA	NA	NA	NA	NA	NA	NA	NA	NA	NA	NA	NA	NA	NA	NA	NA	NA	NA	NA	NA	NA	NA	NA	NA	NA	NA	NA	NA	NA	NA	NA
STAGE10E_R_DENYLIST_AUDIT	${CRC_LOCAL_PROJECT_ROOT}/results/stage10e_roi_remediation/STAGE10E_R_DENYLIST_AUDIT.tsv	87a55009ea0fb1df2128834a256cb28531d2fc287ef0b03bdf530693218b8cfa	NA	NA	NA	NA	NA	NA	NA	NA	NA	NA	NA	NA	NA	NA	NA	NA	NA	NA	NA	NA	NA	NA	NA	${CRC_PROJECT_ROOT}/metadata/stage10C2_SP/sources/gr1.jpg	published pathology overlay for case1	ALLOW	frozen expression-blind input	NA	NA	NA	NA	NA	NA	NA	NA	NA	NA	NA	NA	NA	NA	NA	NA	NA	NA	NA	NA	NA	NA	NA	NA	NA	NA	NA	NA	NA	NA	NA	NA	NA	NA	NA	NA	NA	NA	NA	NA	NA	NA	NA	NA	NA	NA	NA	NA	NA	NA	NA	NA	NA	NA	NA	NA	NA	NA	NA	NA	NA	NA	NA	NA	NA	NA	NA	NA	NA	NA	NA	NA	NA	NA	NA	NA	NA	NA	NA	NA	NA	NA	NA	NA	NA	NA	NA	NA	NA	NA	NA	NA	NA	NA	NA
STAGE10E_R_DENYLIST_AUDIT	${CRC_LOCAL_PROJECT_ROOT}/results/stage10e_roi_remediation/STAGE10E_R_DENYLIST_AUDIT.tsv	87a55009ea0fb1df2128834a256cb28531d2fc287ef0b03bdf530693218b8cfa	NA	NA	NA	NA	NA	NA	NA	NA	NA	NA	NA	NA	NA	NA	NA	NA	NA	NA	NA	NA	NA	NA	NA	${CRC_PROJECT_ROOT}/data_processed/stage10e/stage10e_20260801_010406/derived/Rectum_kyudai_Beppu_20200303/tissue_positions_list.csv	spot coordinates for case1	ALLOW	frozen expression-blind input	NA	NA	NA	NA	NA	NA	NA	NA	NA	NA	NA	NA	NA	NA	NA	NA	NA	NA	NA	NA	NA	NA	NA	NA	NA	NA	NA	NA	NA	NA	NA	NA	NA	NA	NA	NA	NA	NA	NA	NA	NA	NA	NA	NA	NA	NA	NA	NA	NA	NA	NA	NA	NA	NA	NA	NA	NA	NA	NA	NA	NA	NA	NA	NA	NA	NA	NA	NA	NA	NA	NA	NA	NA	NA	NA	NA	NA	NA	NA	NA	NA	NA	NA	NA	NA	NA	NA	NA	NA	NA	NA	NA	NA	NA	NA
STAGE10E_R_DENYLIST_AUDIT	${CRC_LOCAL_PROJECT_ROOT}/results/stage10e_roi_remediation/STAGE10E_R_DENYLIST_AUDIT.tsv	87a55009ea0fb1df2128834a256cb28531d2fc287ef0b03bdf530693218b8cfa	NA	NA	NA	NA	NA	NA	NA	NA	NA	NA	NA	NA	NA	NA	NA	NA	NA	NA	NA	NA	NA	NA	NA	${CRC_PROJECT_ROOT}/data_processed/stage10e/stage10e_20260801_010406/derived/Rectum_kyudai_Beppu_20200303/scalefactors_json.json	coordinate scale for case1	ALLOW	frozen expression-blind input	NA	NA	NA	NA	NA	NA	NA	NA	NA	NA	NA	NA	NA	NA	NA	NA	NA	NA	NA	NA	NA	NA	NA	NA	NA	NA	NA	NA	NA	NA	NA	NA	NA	NA	NA	NA	NA	NA	NA	NA	NA	NA	NA	NA	NA	NA	NA	NA	NA	NA	NA	NA	NA	NA	NA	NA	NA	NA	NA	NA	NA	NA	NA	NA	NA	NA	NA	NA	NA	NA	NA	NA	NA	NA	NA	NA	NA	NA	NA	NA	NA	NA	NA	NA	NA	NA	NA	NA	NA	NA	NA	NA	NA	NA	NA
STAGE10E_R_DENYLIST_AUDIT	${CRC_LOCAL_PROJECT_ROOT}/results/stage10e_roi_remediation/STAGE10E_R_DENYLIST_AUDIT.tsv	87a55009ea0fb1df2128834a256cb28531d2fc287ef0b03bdf530693218b8cfa	NA	NA	NA	NA	NA	NA	NA	NA	NA	NA	NA	NA	NA	NA	NA	NA	NA	NA	NA	NA	NA	NA	NA	${CRC_PROJECT_ROOT}/data_processed/stage10e/stage10e_20260801_010406/derived/Rectum_kyudai_Beppu_20200303/tissue_hires_image.png	deposited H&E for case1	ALLOW	frozen expression-blind input	NA	NA	NA	NA	NA	NA	NA	NA	NA	NA	NA	NA	NA	NA	NA	NA	NA	NA	NA	NA	NA	NA	NA	NA	NA	NA	NA	NA	NA	NA	NA	NA	NA	NA	NA	NA	NA	NA	NA	NA	NA	NA	NA	NA	NA	NA	NA	NA	NA	NA	NA	NA	NA	NA	NA	NA	NA	NA	NA	NA	NA	NA	NA	NA	NA	NA	NA	NA	NA	NA	NA	NA	NA	NA	NA	NA	NA	NA	NA	NA	NA	NA	NA	NA	NA	NA	NA	NA	NA	NA	NA	NA	NA	NA	NA
STAGE10E_R_DENYLIST_AUDIT	${CRC_LOCAL_PROJECT_ROOT}/results/stage10e_roi_remediation/STAGE10E_R_DENYLIST_AUDIT.tsv	87a55009ea0fb1df2128834a256cb28531d2fc287ef0b03bdf530693218b8cfa	NA	NA	NA	NA	NA	NA	NA	NA	NA	NA	NA	NA	NA	NA	NA	NA	NA	NA	NA	NA	NA	NA	NA	${CRC_PROJECT_ROOT}/data_processed/stage10e/stage10e_20260801_010406/derived/source_render/mmc1-01.png	published pathology overlay for case2	ALLOW	frozen expression-blind input	NA	NA	NA	NA	NA	NA	NA	NA	NA	NA	NA	NA	NA	NA	NA	NA	NA	NA	NA	NA	NA	NA	NA	NA	NA	NA	NA	NA	NA	NA	NA	NA	NA	NA	NA	NA	NA	NA	NA	NA	NA	NA	NA	NA	NA	NA	NA	NA	NA	NA	NA	NA	NA	NA	NA	NA	NA	NA	NA	NA	NA	NA	NA	NA	NA	NA	NA	NA	NA	NA	NA	NA	NA	NA	NA	NA	NA	NA	NA	NA	NA	NA	NA	NA	NA	NA	NA	NA	NA	NA	NA	NA	NA	NA	NA
STAGE10E_R_DENYLIST_AUDIT	${CRC_LOCAL_PROJECT_ROOT}/results/stage10e_roi_remediation/STAGE10E_R_DENYLIST_AUDIT.tsv	87a55009ea0fb1df2128834a256cb28531d2fc287ef0b03bdf530693218b8cfa	NA	NA	NA	NA	NA	NA	NA	NA	NA	NA	NA	NA	NA	NA	NA	NA	NA	NA	NA	NA	NA	NA	NA	${CRC_PROJECT_ROOT}/data_processed/stage10e/stage10e_20260801_010406/derived/Ascending_kyudai_Beppu_20200430/tissue_positions_list.csv	spot coordinates for case2	ALLOW	frozen expression-blind input	NA	NA	NA	NA	NA	NA	NA	NA	NA	NA	NA	NA	NA	NA	NA	NA	NA	NA	NA	NA	NA	NA	NA	NA	NA	NA	NA	NA	NA	NA	NA	NA	NA	NA	NA	NA	NA	NA	NA	NA	NA	NA	NA	NA	NA	NA	NA	NA	NA	NA	NA	NA	NA	NA	NA	NA	NA	NA	NA	NA	NA	NA	NA	NA	NA	NA	NA	NA	NA	NA	NA	NA	NA	NA	NA	NA	NA	NA	NA	NA	NA	NA	NA	NA	NA	NA	NA	NA	NA	NA	NA	NA	NA	NA	NA
STAGE10E_R_DENYLIST_AUDIT	${CRC_LOCAL_PROJECT_ROOT}/results/stage10e_roi_remediation/STAGE10E_R_DENYLIST_AUDIT.tsv	87a55009ea0fb1df2128834a256cb28531d2fc287ef0b03bdf530693218b8cfa	NA	NA	NA	NA	NA	NA	NA	NA	NA	NA	NA	NA	NA	NA	NA	NA	NA	NA	NA	NA	NA	NA	NA	${CRC_PROJECT_ROOT}/data_processed/stage10e/stage10e_20260801_010406/derived/Ascending_kyudai_Beppu_20200430/scalefactors_json.json	coordinate scale for case2	ALLOW	frozen expression-blind input	NA	NA	NA	NA	NA	NA	NA	NA	NA	NA	NA	NA	NA	NA	NA	NA	NA	NA	NA	NA	NA	NA	NA	NA	NA	NA	NA	NA	NA	NA	NA	NA	NA	NA	NA	NA	NA	NA	NA	NA	NA	NA	NA	NA	NA	NA	NA	NA	NA	NA	NA	NA	NA	NA	NA	NA	NA	NA	NA	NA	NA	NA	NA	NA	NA	NA	NA	NA	NA	NA	NA	NA	NA	NA	NA	NA	NA	NA	NA	NA	NA	NA	NA	NA	NA	NA	NA	NA	NA	NA	NA	NA	NA	NA	NA
STAGE10E_R_DENYLIST_AUDIT	${CRC_LOCAL_PROJECT_ROOT}/results/stage10e_roi_remediation/STAGE10E_R_DENYLIST_AUDIT.tsv	87a55009ea0fb1df2128834a256cb28531d2fc287ef0b03bdf530693218b8cfa	NA	NA	NA	NA	NA	NA	NA	NA	NA	NA	NA	NA	NA	NA	NA	NA	NA	NA	NA	NA	NA	NA	NA	${CRC_PROJECT_ROOT}/data_processed/stage10e/stage10e_20260801_010406/derived/Ascending_kyudai_Beppu_20200430/tissue_hires_image.png	deposited H&E for case2	ALLOW	frozen expression-blind input	NA	NA	NA	NA	NA	NA	NA	NA	NA	NA	NA	NA	NA	NA	NA	NA	NA	NA	NA	NA	NA	NA	NA	NA	NA	NA	NA	NA	NA	NA	NA	NA	NA	NA	NA	NA	NA	NA	NA	NA	NA	NA	NA	NA	NA	NA	NA	NA	NA	NA	NA	NA	NA	NA	NA	NA	NA	NA	NA	NA	NA	NA	NA	NA	NA	NA	NA	NA	NA	NA	NA	NA	NA	NA	NA	NA	NA	NA	NA	NA	NA	NA	NA	NA	NA	NA	NA	NA	NA	NA	NA	NA	NA	NA	NA
STAGE10E_R_DENYLIST_AUDIT	${CRC_LOCAL_PROJECT_ROOT}/results/stage10e_roi_remediation/STAGE10E_R_DENYLIST_AUDIT.tsv	87a55009ea0fb1df2128834a256cb28531d2fc287ef0b03bdf530693218b8cfa	NA	NA	NA	NA	NA	NA	NA	NA	NA	NA	NA	NA	NA	NA	NA	NA	NA	NA	NA	NA	NA	NA	NA	${CRC_PROJECT_ROOT}/data_processed/stage10e/stage10e_20260801_010406/derived/source_render/mmc1-01.png	published pathology overlay for case3	ALLOW	frozen expression-blind input	NA	NA	NA	NA	NA	NA	NA	NA	NA	NA	NA	NA	NA	NA	NA	NA	NA	NA	NA	NA	NA	NA	NA	NA	NA	NA	NA	NA	NA	NA	NA	NA	NA	NA	NA	NA	NA	NA	NA	NA	NA	NA	NA	NA	NA	NA	NA	NA	NA	NA	NA	NA	NA	NA	NA	NA	NA	NA	NA	NA	NA	NA	NA	NA	NA	NA	NA	NA	NA	NA	NA	NA	NA	NA	NA	NA	NA	NA	NA	NA	NA	NA	NA	NA	NA	NA	NA	NA	NA	NA	NA	NA	NA	NA	NA
STAGE10E_R_DENYLIST_AUDIT	${CRC_LOCAL_PROJECT_ROOT}/results/stage10e_roi_remediation/STAGE10E_R_DENYLIST_AUDIT.tsv	87a55009ea0fb1df2128834a256cb28531d2fc287ef0b03bdf530693218b8cfa	NA	NA	NA	NA	NA	NA	NA	NA	NA	NA	NA	NA	NA	NA	NA	NA	NA	NA	NA	NA	NA	NA	NA	${CRC_PROJECT_ROOT}/data_processed/stage10e/stage10e_20260801_010406/derived/Sigmoid_kyudai_Beppu_20210602/tissue_positions_list.csv	spot coordinates for case3	ALLOW	frozen expression-blind input	NA	NA	NA	NA	NA	NA	NA	NA	NA	NA	NA	NA	NA	NA	NA	NA	NA	NA	NA	NA	NA	NA	NA	NA	NA	NA	NA	NA	NA	NA	NA	NA	NA	NA	NA	NA	NA	NA	NA	NA	NA	NA	NA	NA	NA	NA	NA	NA	NA	NA	NA	NA	NA	NA	NA	NA	NA	NA	NA	NA	NA	NA	NA	NA	NA	NA	NA	NA	NA	NA	NA	NA	NA	NA	NA	NA	NA	NA	NA	NA	NA	NA	NA	NA	NA	NA	NA	NA	NA	NA	NA	NA	NA	NA	NA
STAGE10E_R_DENYLIST_AUDIT	${CRC_LOCAL_PROJECT_ROOT}/results/stage10e_roi_remediation/STAGE10E_R_DENYLIST_AUDIT.tsv	87a55009ea0fb1df2128834a256cb28531d2fc287ef0b03bdf530693218b8cfa	NA	NA	NA	NA	NA	NA	NA	NA	NA	NA	NA	NA	NA	NA	NA	NA	NA	NA	NA	NA	NA	NA	NA	${CRC_PROJECT_ROOT}/data_processed/stage10e/stage10e_20260801_010406/derived/Sigmoid_kyudai_Beppu_20210602/scalefactors_json.json	coordinate scale for case3	ALLOW	frozen expression-blind input	NA	NA	NA	NA	NA	NA	NA	NA	NA	NA	NA	NA	NA	NA	NA	NA	NA	NA	NA	NA	NA	NA	NA	NA	NA	NA	NA	NA	NA	NA	NA	NA	NA	NA	NA	NA	NA	NA	NA	NA	NA	NA	NA	NA	NA	NA	NA	NA	NA	NA	NA	NA	NA	NA	NA	NA	NA	NA	NA	NA	NA	NA	NA	NA	NA	NA	NA	NA	NA	NA	NA	NA	NA	NA	NA	NA	NA	NA	NA	NA	NA	NA	NA	NA	NA	NA	NA	NA	NA	NA	NA	NA	NA	NA	NA
STAGE10E_R_DENYLIST_AUDIT	${CRC_LOCAL_PROJECT_ROOT}/results/stage10e_roi_remediation/STAGE10E_R_DENYLIST_AUDIT.tsv	87a55009ea0fb1df2128834a256cb28531d2fc287ef0b03bdf530693218b8cfa	NA	NA	NA	NA	NA	NA	NA	NA	NA	NA	NA	NA	NA	NA	NA	NA	NA	NA	NA	NA	NA	NA	NA	${CRC_PROJECT_ROOT}/data_processed/stage10e/stage10e_20260801_010406/derived/Sigmoid_kyudai_Beppu_20210602/tissue_hires_image.png	deposited H&E for case3	ALLOW	frozen expression-blind input	NA	NA	NA	NA	NA	NA	NA	NA	NA	NA	NA	NA	NA	NA	NA	NA	NA	NA	NA	NA	NA	NA	NA	NA	NA	NA	NA	NA	NA	NA	NA	NA	NA	NA	NA	NA	NA	NA	NA	NA	NA	NA	NA	NA	NA	NA	NA	NA	NA	NA	NA	NA	NA	NA	NA	NA	NA	NA	NA	NA	NA	NA	NA	NA	NA	NA	NA	NA	NA	NA	NA	NA	NA	NA	NA	NA	NA	NA	NA	NA	NA	NA	NA	NA	NA	NA	NA	NA	NA	NA	NA	NA	NA	NA	NA
STAGE10E_R_DENYLIST_AUDIT	${CRC_LOCAL_PROJECT_ROOT}/results/stage10e_roi_remediation/STAGE10E_R_DENYLIST_AUDIT.tsv	87a55009ea0fb1df2128834a256cb28531d2fc287ef0b03bdf530693218b8cfa	NA	NA	NA	NA	NA	NA	NA	NA	NA	NA	NA	NA	NA	NA	NA	NA	NA	NA	NA	NA	NA	NA	NA	${CRC_PROJECT_ROOT}/data_processed/stage10e/stage10e_20260801_010406/derived/source_render/mmc1-01.png	published pathology overlay for case4	ALLOW	frozen expression-blind input	NA	NA	NA	NA	NA	NA	NA	NA	NA	NA	NA	NA	NA	NA	NA	NA	NA	NA	NA	NA	NA	NA	NA	NA	NA	NA	NA	NA	NA	NA	NA	NA	NA	NA	NA	NA	NA	NA	NA	NA	NA	NA	NA	NA	NA	NA	NA	NA	NA	NA	NA	NA	NA	NA	NA	NA	NA	NA	NA	NA	NA	NA	NA	NA	NA	NA	NA	NA	NA	NA	NA	NA	NA	NA	NA	NA	NA	NA	NA	NA	NA	NA	NA	NA	NA	NA	NA	NA	NA	NA	NA	NA	NA	NA	NA
STAGE10E_R_DENYLIST_AUDIT	${CRC_LOCAL_PROJECT_ROOT}/results/stage10e_roi_remediation/STAGE10E_R_DENYLIST_AUDIT.tsv	87a55009ea0fb1df2128834a256cb28531d2fc287ef0b03bdf530693218b8cfa	NA	NA	NA	NA	NA	NA	NA	NA	NA	NA	NA	NA	NA	NA	NA	NA	NA	NA	NA	NA	NA	NA	NA	${CRC_PROJECT_ROOT}/data_processed/stage10e/stage10e_20260801_010406/derived/Transverse_kyudai_Beppu_20211111/tissue_positions_list.csv	spot coordinates for case4	ALLOW	frozen expression-blind input	NA	NA	NA	NA	NA	NA	NA	NA	NA	NA	NA	NA	NA	NA	NA	NA	NA	NA	NA	NA	NA	NA	NA	NA	NA	NA	NA	NA	NA	NA	NA	NA	NA	NA	NA	NA	NA	NA	NA	NA	NA	NA	NA	NA	NA	NA	NA	NA	NA	NA	NA	NA	NA	NA	NA	NA	NA	NA	NA	NA	NA	NA	NA	NA	NA	NA	NA	NA	NA	NA	NA	NA	NA	NA	NA	NA	NA	NA	NA	NA	NA	NA	NA	NA	NA	NA	NA	NA	NA	NA	NA	NA	NA	NA	NA
STAGE10E_R_DENYLIST_AUDIT	${CRC_LOCAL_PROJECT_ROOT}/results/stage10e_roi_remediation/STAGE10E_R_DENYLIST_AUDIT.tsv	87a55009ea0fb1df2128834a256cb28531d2fc287ef0b03bdf530693218b8cfa	NA	NA	NA	NA	NA	NA	NA	NA	NA	NA	NA	NA	NA	NA	NA	NA	NA	NA	NA	NA	NA	NA	NA	${CRC_PROJECT_ROOT}/data_processed/stage10e/stage10e_20260801_010406/derived/Transverse_kyudai_Beppu_20211111/scalefactors_json.json	coordinate scale for case4	ALLOW	frozen expression-blind input	NA	NA	NA	NA	NA	NA	NA	NA	NA	NA	NA	NA	NA	NA	NA	NA	NA	NA	NA	NA	NA	NA	NA	NA	NA	NA	NA	NA	NA	NA	NA	NA	NA	NA	NA	NA	NA	NA	NA	NA	NA	NA	NA	NA	NA	NA	NA	NA	NA	NA	NA	NA	NA	NA	NA	NA	NA	NA	NA	NA	NA	NA	NA	NA	NA	NA	NA	NA	NA	NA	NA	NA	NA	NA	NA	NA	NA	NA	NA	NA	NA	NA	NA	NA	NA	NA	NA	NA	NA	NA	NA	NA	NA	NA	NA
STAGE10E_R_DENYLIST_AUDIT	${CRC_LOCAL_PROJECT_ROOT}/results/stage10e_roi_remediation/STAGE10E_R_DENYLIST_AUDIT.tsv	87a55009ea0fb1df2128834a256cb28531d2fc287ef0b03bdf530693218b8cfa	NA	NA	NA	NA	NA	NA	NA	NA	NA	NA	NA	NA	NA	NA	NA	NA	NA	NA	NA	NA	NA	NA	NA	${CRC_PROJECT_ROOT}/data_processed/stage10e/stage10e_20260801_010406/derived/Transverse_kyudai_Beppu_20211111/tissue_hires_image.png	deposited H&E for case4	ALLOW	frozen expression-blind input	NA	NA	NA	NA	NA	NA	NA	NA	NA	NA	NA	NA	NA	NA	NA	NA	NA	NA	NA	NA	NA	NA	NA	NA	NA	NA	NA	NA	NA	NA	NA	NA	NA	NA	NA	NA	NA	NA	NA	NA	NA	NA	NA	NA	NA	NA	NA	NA	NA	NA	NA	NA	NA	NA	NA	NA	NA	NA	NA	NA	NA	NA	NA	NA	NA	NA	NA	NA	NA	NA	NA	NA	NA	NA	NA	NA	NA	NA	NA	NA	NA	NA	NA	NA	NA	NA	NA	NA	NA	NA	NA	NA	NA	NA	NA
STAGE10E_R_DENYLIST_AUDIT	${CRC_LOCAL_PROJECT_ROOT}/results/stage10e_roi_remediation/STAGE10E_R_DENYLIST_AUDIT.tsv	87a55009ea0fb1df2128834a256cb28531d2fc287ef0b03bdf530693218b8cfa	NA	NA	NA	NA	NA	NA	NA	NA	NA	NA	NA	NA	NA	NA	NA	NA	NA	NA	NA	NA	NA	NA	NA	${CRC_PROJECT_ROOT}/results/stage10f	prohibited outcome/expression input	DENY	code-level denylist; never opened	NA	NA	NA	NA	NA	NA	NA	NA	NA	NA	NA	NA	NA	NA	NA	NA	NA	NA	NA	NA	NA	NA	NA	NA	NA	NA	NA	NA	NA	NA	NA	NA	NA	NA	NA	NA	NA	NA	NA	NA	NA	NA	NA	NA	NA	NA	NA	NA	NA	NA	NA	NA	NA	NA	NA	NA	NA	NA	NA	NA	NA	NA	NA	NA	NA	NA	NA	NA	NA	NA	NA	NA	NA	NA	NA	NA	NA	NA	NA	NA	NA	NA	NA	NA	NA	NA	NA	NA	NA	NA	NA	NA	NA	NA	NA
STAGE10E_R_DENYLIST_AUDIT	${CRC_LOCAL_PROJECT_ROOT}/results/stage10e_roi_remediation/STAGE10E_R_DENYLIST_AUDIT.tsv	87a55009ea0fb1df2128834a256cb28531d2fc287ef0b03bdf530693218b8cfa	NA	NA	NA	NA	NA	NA	NA	NA	NA	NA	NA	NA	NA	NA	NA	NA	NA	NA	NA	NA	NA	NA	NA	${CRC_PROJECT_ROOT}/objects	prohibited outcome/expression input	DENY	code-level denylist; never opened	NA	NA	NA	NA	NA	NA	NA	NA	NA	NA	NA	NA	NA	NA	NA	NA	NA	NA	NA	NA	NA	NA	NA	NA	NA	NA	NA	NA	NA	NA	NA	NA	NA	NA	NA	NA	NA	NA	NA	NA	NA	NA	NA	NA	NA	NA	NA	NA	NA	NA	NA	NA	NA	NA	NA	NA	NA	NA	NA	NA	NA	NA	NA	NA	NA	NA	NA	NA	NA	NA	NA	NA	NA	NA	NA	NA	NA	NA	NA	NA	NA	NA	NA	NA	NA	NA	NA	NA	NA	NA	NA	NA	NA	NA	NA
STAGE10E_R_DENYLIST_AUDIT	${CRC_LOCAL_PROJECT_ROOT}/results/stage10e_roi_remediation/STAGE10E_R_DENYLIST_AUDIT.tsv	87a55009ea0fb1df2128834a256cb28531d2fc287ef0b03bdf530693218b8cfa	NA	NA	NA	NA	NA	NA	NA	NA	NA	NA	NA	NA	NA	NA	NA	NA	NA	NA	NA	NA	NA	NA	NA	${CRC_PROJECT_ROOT}/data_processed/stage10e/stage10e_20260801_010406/derived/Rectum_kyudai_Beppu_20200303/filtered_feature_bc_matrix.h5	prohibited outcome/expression input	DENY	code-level denylist; never opened	NA	NA	NA	NA	NA	NA	NA	NA	NA	NA	NA	NA	NA	NA	NA	NA	NA	NA	NA	NA	NA	NA	NA	NA	NA	NA	NA	NA	NA	NA	NA	NA	NA	NA	NA	NA	NA	NA	NA	NA	NA	NA	NA	NA	NA	NA	NA	NA	NA	NA	NA	NA	NA	NA	NA	NA	NA	NA	NA	NA	NA	NA	NA	NA	NA	NA	NA	NA	NA	NA	NA	NA	NA	NA	NA	NA	NA	NA	NA	NA	NA	NA	NA	NA	NA	NA	NA	NA	NA	NA	NA	NA	NA	NA	NA
STAGE10E_R_FAILURE_DIAGNOSIS	${CRC_LOCAL_PROJECT_ROOT}/results/stage10e_roi_remediation/STAGE10E_R_FAILURE_DIAGNOSIS.tsv	d9c568c8d261597d48c621db8eeac153bad8e61ac3aa1305a2b64604406fff38	case1	NA	NA	NA	NA	NA	NA	NA	NA	NA	NA	NA	NA	NA	NA	NA	NA	NA	NA	NA	NA	NA	NA	NA	NA	NA	NA	0.409717	0.19136	independent_minmax_fullres_pixel_to_manual_crop	independent_minmax_array_lattice_to_manual_crop	nonphysical_bbox_normalization_and_crop_axes_legend_contamination	global_affine_scale_translation_plus_mask_scope_mismatch	none_detected_in_code	old_scope_used_any_joint_nonmissing_without_common_pathology_tissue_mask	NO	YES	large; coordinate offsets move spots across broad Normal/Adenoma boundaries	FALSE	NA	NA	NA	NA	NA	NA	NA	NA	NA	NA	NA	NA	NA	NA	NA	NA	NA	NA	NA	NA	NA	NA	NA	NA	NA	NA	NA	NA	NA	NA	NA	NA	NA	NA	NA	NA	NA	NA	NA	NA	NA	NA	NA	NA	NA	NA	NA	NA	NA	NA	NA	NA	NA	NA	NA	NA	NA	NA	NA	NA	NA	NA	NA	NA	NA	NA	NA	NA	NA	NA	NA	NA	NA	NA	NA	NA	NA	NA	NA	NA	NA	NA	NA
STAGE10E_R_FAILURE_DIAGNOSIS	${CRC_LOCAL_PROJECT_ROOT}/results/stage10e_roi_remediation/STAGE10E_R_FAILURE_DIAGNOSIS.tsv	d9c568c8d261597d48c621db8eeac153bad8e61ac3aa1305a2b64604406fff38	case2	NA	NA	NA	NA	NA	NA	NA	NA	NA	NA	NA	NA	NA	NA	NA	NA	NA	NA	NA	NA	NA	NA	NA	NA	NA	NA	0.604699	-0.033043	independent_minmax_fullres_pixel_to_manual_crop	independent_minmax_array_lattice_to_manual_crop	nonphysical_bbox_normalization_and_crop_axes_legend_contamination	global_affine_scale_translation_plus_mask_scope_mismatch	none_detected_in_code	old_scope_used_any_joint_nonmissing_without_common_pathology_tissue_mask	NO	YES	large; coordinate offsets move spots across broad Normal/Adenoma boundaries	FALSE	NA	NA	NA	NA	NA	NA	NA	NA	NA	NA	NA	NA	NA	NA	NA	NA	NA	NA	NA	NA	NA	NA	NA	NA	NA	NA	NA	NA	NA	NA	NA	NA	NA	NA	NA	NA	NA	NA	NA	NA	NA	NA	NA	NA	NA	NA	NA	NA	NA	NA	NA	NA	NA	NA	NA	NA	NA	NA	NA	NA	NA	NA	NA	NA	NA	NA	NA	NA	NA	NA	NA	NA	NA	NA	NA	NA	NA	NA	NA	NA	NA	NA	NA
STAGE10E_R_FAILURE_DIAGNOSIS	${CRC_LOCAL_PROJECT_ROOT}/results/stage10e_roi_remediation/STAGE10E_R_FAILURE_DIAGNOSIS.tsv	d9c568c8d261597d48c621db8eeac153bad8e61ac3aa1305a2b64604406fff38	case3	NA	NA	NA	NA	NA	NA	NA	NA	NA	NA	NA	NA	NA	NA	NA	NA	NA	NA	NA	NA	NA	NA	NA	NA	NA	NA	0.215517	-0.29153	independent_minmax_fullres_pixel_to_manual_crop	independent_minmax_array_lattice_to_manual_crop	nonphysical_bbox_normalization_and_crop_axes_legend_contamination	global_affine_scale_translation_plus_mask_scope_mismatch	none_detected_in_code	old_scope_used_any_joint_nonmissing_without_common_pathology_tissue_mask	NO	YES	large; coordinate offsets move spots across broad Normal/Adenoma boundaries	FALSE	NA	NA	NA	NA	NA	NA	NA	NA	NA	NA	NA	NA	NA	NA	NA	NA	NA	NA	NA	NA	NA	NA	NA	NA	NA	NA	NA	NA	NA	NA	NA	NA	NA	NA	NA	NA	NA	NA	NA	NA	NA	NA	NA	NA	NA	NA	NA	NA	NA	NA	NA	NA	NA	NA	NA	NA	NA	NA	NA	NA	NA	NA	NA	NA	NA	NA	NA	NA	NA	NA	NA	NA	NA	NA	NA	NA	NA	NA	NA	NA	NA	NA	NA
STAGE10E_R_FAILURE_DIAGNOSIS	${CRC_LOCAL_PROJECT_ROOT}/results/stage10e_roi_remediation/STAGE10E_R_FAILURE_DIAGNOSIS.tsv	d9c568c8d261597d48c621db8eeac153bad8e61ac3aa1305a2b64604406fff38	case4	NA	NA	NA	NA	NA	NA	NA	NA	NA	NA	NA	NA	NA	NA	NA	NA	NA	NA	NA	NA	NA	NA	NA	NA	NA	NA	0.385266	-0.017337	independent_minmax_fullres_pixel_to_manual_crop	independent_minmax_array_lattice_to_manual_crop	nonphysical_bbox_normalization_and_crop_axes_legend_contamination	global_affine_scale_translation_plus_mask_scope_mismatch	none_detected_in_code	old_scope_used_any_joint_nonmissing_without_common_pathology_tissue_mask	NO	YES	large; coordinate offsets move spots across broad Normal/Adenoma boundaries	FALSE	NA	NA	NA	NA	NA	NA	NA	NA	NA	NA	NA	NA	NA	NA	NA	NA	NA	NA	NA	NA	NA	NA	NA	NA	NA	NA	NA	NA	NA	NA	NA	NA	NA	NA	NA	NA	NA	NA	NA	NA	NA	NA	NA	NA	NA	NA	NA	NA	NA	NA	NA	NA	NA	NA	NA	NA	NA	NA	NA	NA	NA	NA	NA	NA	NA	NA	NA	NA	NA	NA	NA	NA	NA	NA	NA	NA	NA	NA	NA	NA	NA	NA	NA
STAGE10E_R_GENESET_INTEGRITY_CHECK	${CRC_LOCAL_PROJECT_ROOT}/results/stage10e_roi_remediation/STAGE10E_R_GENESET_INTEGRITY_CHECK.tsv	23a375133617cd2ed4b7b8a63cedc35115b43420e308606ad8218ca1e38b1c5f	NA	NA	NA	NA	NA	NA	NA	NA	NA	NA	NA	NA	NA	NA	NA	NA	NA	NA	NA	NA	NA	NA	NA	NA	NA	NA	NA	NA	NA	NA	NA	NA	NA	NA	NA	NA	NA	NA	NA	E-GEAD-622	30	36	4cd62d74b83673a4d2adf6077bedbdfe73d1cbd369a6a77418d124e0b506d482	4cd62d74b83673a4d2adf6077bedbdfe73d1cbd369a6a77418d124e0b506d482	PASS	NO	NA	NA	NA	NA	NA	NA	NA	NA	NA	NA	NA	NA	NA	NA	NA	NA	NA	NA	NA	NA	NA	NA	NA	NA	NA	NA	NA	NA	NA	NA	NA	NA	NA	NA	NA	NA	NA	NA	NA	NA	NA	NA	NA	NA	NA	NA	NA	NA	NA	NA	NA	NA	NA	NA	NA	NA	NA	NA	NA	NA	NA	NA	NA	NA	NA	NA	NA	NA	NA	NA	NA	NA	NA	NA	NA	NA
STAGE10E_R_GEOMETRIC_QC	${CRC_LOCAL_PROJECT_ROOT}/results/stage10e_roi_remediation/STAGE10E_R_GEOMETRIC_QC.tsv	764b5c740c91e21042c6586caaae4ad55fbcd09b031998930354a81520f96dd0	case1	Rectum_kyudai_Beppu_20200303	NA	NA	NA	NA	NA	NA	NA	NA	NA	NA	NA	NA	NA	NA	NA	NA	NA	NA	NA	NA	NA	NA	NA	NA	NA	NA	NA	NA	NA	NA	NA	NA	NA	NA	NA	NA	NA	NA	NA	NA	NA	NA	NA	NA	2.3161876	0.75493466	0.7916398	14.679294	4.7687678	2.0454236	8.7118796	2.5181561	29.339193	62.308661	6.9511303e-05	6.4409058	REVIEW	NA	NA	NA	NA	NA	NA	NA	NA	NA	NA	NA	NA	NA	NA	NA	NA	NA	NA	NA	NA	NA	NA	NA	NA	NA	NA	NA	NA	NA	NA	NA	NA	NA	NA	NA	NA	NA	NA	NA	NA	NA	NA	NA	NA	NA	NA	NA	NA	NA	NA	NA	NA	NA	NA	NA	NA	NA	NA	NA	NA	NA	NA	NA
STAGE10E_R_GEOMETRIC_QC	${CRC_LOCAL_PROJECT_ROOT}/results/stage10e_roi_remediation/STAGE10E_R_GEOMETRIC_QC.tsv	764b5c740c91e21042c6586caaae4ad55fbcd09b031998930354a81520f96dd0	case2	Ascending_kyudai_Beppu_20200430	NA	NA	NA	NA	NA	NA	NA	NA	NA	NA	NA	NA	NA	NA	NA	NA	NA	NA	NA	NA	NA	NA	NA	NA	NA	NA	NA	NA	NA	NA	NA	NA	NA	NA	NA	NA	NA	NA	NA	NA	NA	NA	NA	NA	1.9667672	0.67913478	0.88882575	17.495361	9.6738942	3.5663357	14.092283	4.2989335	46.777798	71.977568	0.10656965	3.9675806	REVIEW	NA	NA	NA	NA	NA	NA	NA	NA	NA	NA	NA	NA	NA	NA	NA	NA	NA	NA	NA	NA	NA	NA	NA	NA	NA	NA	NA	NA	NA	NA	NA	NA	NA	NA	NA	NA	NA	NA	NA	NA	NA	NA	NA	NA	NA	NA	NA	NA	NA	NA	NA	NA	NA	NA	NA	NA	NA	NA	NA	NA	NA	NA	NA
STAGE10E_R_GEOMETRIC_QC	${CRC_LOCAL_PROJECT_ROOT}/results/stage10e_roi_remediation/STAGE10E_R_GEOMETRIC_QC.tsv	764b5c740c91e21042c6586caaae4ad55fbcd09b031998930354a81520f96dd0	case3	Sigmoid_kyudai_Beppu_20210602	NA	NA	NA	NA	NA	NA	NA	NA	NA	NA	NA	NA	NA	NA	NA	NA	NA	NA	NA	NA	NA	NA	NA	NA	NA	NA	NA	NA	NA	NA	NA	NA	NA	NA	NA	NA	NA	NA	NA	NA	NA	NA	NA	NA	1.7664606	0.78510227	0.89433893	15.295281	8.6411988	3.1418656	15.032531	3.7579334	7.2220609	14.192166	0.0093980905	7.0885621	NO	NA	NA	NA	NA	NA	NA	NA	NA	NA	NA	NA	NA	NA	NA	NA	NA	NA	NA	NA	NA	NA	NA	NA	NA	NA	NA	NA	NA	NA	NA	NA	NA	NA	NA	NA	NA	NA	NA	NA	NA	NA	NA	NA	NA	NA	NA	NA	NA	NA	NA	NA	NA	NA	NA	NA	NA	NA	NA	NA	NA	NA	NA	NA
STAGE10E_R_GEOMETRIC_QC	${CRC_LOCAL_PROJECT_ROOT}/results/stage10e_roi_remediation/STAGE10E_R_GEOMETRIC_QC.tsv	764b5c740c91e21042c6586caaae4ad55fbcd09b031998930354a81520f96dd0	case4	Transverse_kyudai_Beppu_20211111	NA	NA	NA	NA	NA	NA	NA	NA	NA	NA	NA	NA	NA	NA	NA	NA	NA	NA	NA	NA	NA	NA	NA	NA	NA	NA	NA	NA	NA	NA	NA	NA	NA	NA	NA	NA	NA	NA	NA	NA	NA	NA	NA	NA	1.8775382	0.89868771	0.85073976	14.808156	9.6018055	2.7998108	22.24288	3.4694728	3.1012861	8.2881577	0.01407472	4.0643308	NO	NA	NA	NA	NA	NA	NA	NA	NA	NA	NA	NA	NA	NA	NA	NA	NA	NA	NA	NA	NA	NA	NA	NA	NA	NA	NA	NA	NA	NA	NA	NA	NA	NA	NA	NA	NA	NA	NA	NA	NA	NA	NA	NA	NA	NA	NA	NA	NA	NA	NA	NA	NA	NA	NA	NA	NA	NA	NA	NA	NA	NA	NA	NA
STAGE10E_R_HISTORY_BASELINE_SHA256	${CRC_LOCAL_PROJECT_ROOT}/results/stage10e_roi_remediation/STAGE10E_R_HISTORY_BASELINE_SHA256.tsv	f9c89f08077e22e9d85af8ef3feb044e31a29ef65dbc02f3a7751c7b67fef25d	NA	NA	NA	NA	NA	NA	NA	NA	NA	NA	NA	NA	NA	NA	NA	NA	NA	NA	NA	NA	NA	NA	NA	NA	NA	NA	NA	NA	NA	NA	NA	NA	NA	NA	NA	NA	NA	NA	NA	NA	NA	NA	NA	NA	NA	NA	NA	NA	NA	NA	NA	NA	NA	NA	NA	NA	NA	NA	NA	results/stage10c/STAGE10C_LOCK_MANIFEST.tsv	0c0ef24f027b0840aa7c174ea3d7933f9a1890f2eef7aeb0e080456add470e05	read_only_historical	NA	NA	NA	NA	NA	NA	NA	NA	NA	NA	NA	NA	NA	NA	NA	NA	NA	NA	NA	NA	NA	NA	NA	NA	NA	NA	NA	NA	NA	NA	NA	NA	NA	NA	NA	NA	NA	NA	NA	NA	NA	NA	NA	NA	NA	NA	NA	NA	NA	NA	NA	NA	NA	NA	NA	NA	NA	NA	NA	NA
STAGE10E_R_HISTORY_BASELINE_SHA256	${CRC_LOCAL_PROJECT_ROOT}/results/stage10e_roi_remediation/STAGE10E_R_HISTORY_BASELINE_SHA256.tsv	f9c89f08077e22e9d85af8ef3feb044e31a29ef65dbc02f3a7751c7b67fef25d	NA	NA	NA	NA	NA	NA	NA	NA	NA	NA	NA	NA	NA	NA	NA	NA	NA	NA	NA	NA	NA	NA	NA	NA	NA	NA	NA	NA	NA	NA	NA	NA	NA	NA	NA	NA	NA	NA	NA	NA	NA	NA	NA	NA	NA	NA	NA	NA	NA	NA	NA	NA	NA	NA	NA	NA	NA	NA	NA	results/stage10c2_sp/STAGE10C2_SP_COHORT_COMMON_GENESET.tsv	ddeb9c0d2cda48ffc27dc601e21186b14a6cb9ba83af26201ccb44472f61220a	read_only_historical	NA	NA	NA	NA	NA	NA	NA	NA	NA	NA	NA	NA	NA	NA	NA	NA	NA	NA	NA	NA	NA	NA	NA	NA	NA	NA	NA	NA	NA	NA	NA	NA	NA	NA	NA	NA	NA	NA	NA	NA	NA	NA	NA	NA	NA	NA	NA	NA	NA	NA	NA	NA	NA	NA	NA	NA	NA	NA	NA	NA
STAGE10E_R_HISTORY_BASELINE_SHA256	${CRC_LOCAL_PROJECT_ROOT}/results/stage10e_roi_remediation/STAGE10E_R_HISTORY_BASELINE_SHA256.tsv	f9c89f08077e22e9d85af8ef3feb044e31a29ef65dbc02f3a7751c7b67fef25d	NA	NA	NA	NA	NA	NA	NA	NA	NA	NA	NA	NA	NA	NA	NA	NA	NA	NA	NA	NA	NA	NA	NA	NA	NA	NA	NA	NA	NA	NA	NA	NA	NA	NA	NA	NA	NA	NA	NA	NA	NA	NA	NA	NA	NA	NA	NA	NA	NA	NA	NA	NA	NA	NA	NA	NA	NA	NA	NA	results/stage10c2_sp/STAGE10C2_SP_LOCK_MANIFEST.tsv	dd50e393389957f506454685adc0877552e1a85e544489b425927bca20da7bb0	read_only_historical	NA	NA	NA	NA	NA	NA	NA	NA	NA	NA	NA	NA	NA	NA	NA	NA	NA	NA	NA	NA	NA	NA	NA	NA	NA	NA	NA	NA	NA	NA	NA	NA	NA	NA	NA	NA	NA	NA	NA	NA	NA	NA	NA	NA	NA	NA	NA	NA	NA	NA	NA	NA	NA	NA	NA	NA	NA	NA	NA	NA
STAGE10E_R_HISTORY_BASELINE_SHA256	${CRC_LOCAL_PROJECT_ROOT}/results/stage10e_roi_remediation/STAGE10E_R_HISTORY_BASELINE_SHA256.tsv	f9c89f08077e22e9d85af8ef3feb044e31a29ef65dbc02f3a7751c7b67fef25d	NA	NA	NA	NA	NA	NA	NA	NA	NA	NA	NA	NA	NA	NA	NA	NA	NA	NA	NA	NA	NA	NA	NA	NA	NA	NA	NA	NA	NA	NA	NA	NA	NA	NA	NA	NA	NA	NA	NA	NA	NA	NA	NA	NA	NA	NA	NA	NA	NA	NA	NA	NA	NA	NA	NA	NA	NA	NA	NA	results/stage10e/STAGE10E_ANALYSIS_READY_MANIFEST.tsv	a44994e09170e131c8cbd39d85a7a4c3f59f65a22e6aeb3170fe6fa702eff457	read_only_historical	NA	NA	NA	NA	NA	NA	NA	NA	NA	NA	NA	NA	NA	NA	NA	NA	NA	NA	NA	NA	NA	NA	NA	NA	NA	NA	NA	NA	NA	NA	NA	NA	NA	NA	NA	NA	NA	NA	NA	NA	NA	NA	NA	NA	NA	NA	NA	NA	NA	NA	NA	NA	NA	NA	NA	NA	NA	NA	NA	NA
STAGE10E_R_HISTORY_BASELINE_SHA256	${CRC_LOCAL_PROJECT_ROOT}/results/stage10e_roi_remediation/STAGE10E_R_HISTORY_BASELINE_SHA256.tsv	f9c89f08077e22e9d85af8ef3feb044e31a29ef65dbc02f3a7751c7b67fef25d	NA	NA	NA	NA	NA	NA	NA	NA	NA	NA	NA	NA	NA	NA	NA	NA	NA	NA	NA	NA	NA	NA	NA	NA	NA	NA	NA	NA	NA	NA	NA	NA	NA	NA	NA	NA	NA	NA	NA	NA	NA	NA	NA	NA	NA	NA	NA	NA	NA	NA	NA	NA	NA	NA	NA	NA	NA	NA	NA	results/stage10e/STAGE10E_DECISION.md	642b5debda611484ae94a6935c87800f06538e5579b9fbb8c320236f5befaab4	read_only_historical	NA	NA	NA	NA	NA	NA	NA	NA	NA	NA	NA	NA	NA	NA	NA	NA	NA	NA	NA	NA	NA	NA	NA	NA	NA	NA	NA	NA	NA	NA	NA	NA	NA	NA	NA	NA	NA	NA	NA	NA	NA	NA	NA	NA	NA	NA	NA	NA	NA	NA	NA	NA	NA	NA	NA	NA	NA	NA	NA	NA
STAGE10E_R_HISTORY_BASELINE_SHA256	${CRC_LOCAL_PROJECT_ROOT}/results/stage10e_roi_remediation/STAGE10E_R_HISTORY_BASELINE_SHA256.tsv	f9c89f08077e22e9d85af8ef3feb044e31a29ef65dbc02f3a7751c7b67fef25d	NA	NA	NA	NA	NA	NA	NA	NA	NA	NA	NA	NA	NA	NA	NA	NA	NA	NA	NA	NA	NA	NA	NA	NA	NA	NA	NA	NA	NA	NA	NA	NA	NA	NA	NA	NA	NA	NA	NA	NA	NA	NA	NA	NA	NA	NA	NA	NA	NA	NA	NA	NA	NA	NA	NA	NA	NA	NA	NA	results/stage10e/STAGE10E_GENESET_INTEGRITY_CHECK.tsv	097d1cc0009506a226348da1f05eca1d5744af99b38b79d008d3aa01cf8d7ab7	read_only_historical	NA	NA	NA	NA	NA	NA	NA	NA	NA	NA	NA	NA	NA	NA	NA	NA	NA	NA	NA	NA	NA	NA	NA	NA	NA	NA	NA	NA	NA	NA	NA	NA	NA	NA	NA	NA	NA	NA	NA	NA	NA	NA	NA	NA	NA	NA	NA	NA	NA	NA	NA	NA	NA	NA	NA	NA	NA	NA	NA	NA
STAGE10E_R_HISTORY_BASELINE_SHA256	${CRC_LOCAL_PROJECT_ROOT}/results/stage10e_roi_remediation/STAGE10E_R_HISTORY_BASELINE_SHA256.tsv	f9c89f08077e22e9d85af8ef3feb044e31a29ef65dbc02f3a7751c7b67fef25d	NA	NA	NA	NA	NA	NA	NA	NA	NA	NA	NA	NA	NA	NA	NA	NA	NA	NA	NA	NA	NA	NA	NA	NA	NA	NA	NA	NA	NA	NA	NA	NA	NA	NA	NA	NA	NA	NA	NA	NA	NA	NA	NA	NA	NA	NA	NA	NA	NA	NA	NA	NA	NA	NA	NA	NA	NA	NA	NA	results/stage10e/STAGE10E_RAW_HASHES.tsv	b31b54578cd192b8de7a82b23c0cf721e5a3972d84fe113527a972d5a688046a	read_only_historical	NA	NA	NA	NA	NA	NA	NA	NA	NA	NA	NA	NA	NA	NA	NA	NA	NA	NA	NA	NA	NA	NA	NA	NA	NA	NA	NA	NA	NA	NA	NA	NA	NA	NA	NA	NA	NA	NA	NA	NA	NA	NA	NA	NA	NA	NA	NA	NA	NA	NA	NA	NA	NA	NA	NA	NA	NA	NA	NA	NA
STAGE10E_R_HISTORY_BASELINE_SHA256	${CRC_LOCAL_PROJECT_ROOT}/results/stage10e_roi_remediation/STAGE10E_R_HISTORY_BASELINE_SHA256.tsv	f9c89f08077e22e9d85af8ef3feb044e31a29ef65dbc02f3a7751c7b67fef25d	NA	NA	NA	NA	NA	NA	NA	NA	NA	NA	NA	NA	NA	NA	NA	NA	NA	NA	NA	NA	NA	NA	NA	NA	NA	NA	NA	NA	NA	NA	NA	NA	NA	NA	NA	NA	NA	NA	NA	NA	NA	NA	NA	NA	NA	NA	NA	NA	NA	NA	NA	NA	NA	NA	NA	NA	NA	NA	NA	reports/STAGE10E_SUMMARY.md	71bd8800b0d14cfde939735e674414054007c84d8312b8c5c0480103d3f31063	read_only_historical	NA	NA	NA	NA	NA	NA	NA	NA	NA	NA	NA	NA	NA	NA	NA	NA	NA	NA	NA	NA	NA	NA	NA	NA	NA	NA	NA	NA	NA	NA	NA	NA	NA	NA	NA	NA	NA	NA	NA	NA	NA	NA	NA	NA	NA	NA	NA	NA	NA	NA	NA	NA	NA	NA	NA	NA	NA	NA	NA	NA
STAGE10E_R_HISTORY_BASELINE_SHA256	${CRC_LOCAL_PROJECT_ROOT}/results/stage10e_roi_remediation/STAGE10E_R_HISTORY_BASELINE_SHA256.tsv	f9c89f08077e22e9d85af8ef3feb044e31a29ef65dbc02f3a7751c7b67fef25d	NA	NA	NA	NA	NA	NA	NA	NA	NA	NA	NA	NA	NA	NA	NA	NA	NA	NA	NA	NA	NA	NA	NA	NA	NA	NA	NA	NA	NA	NA	NA	NA	NA	NA	NA	NA	NA	NA	NA	NA	NA	NA	NA	NA	NA	NA	NA	NA	NA	NA	NA	NA	NA	NA	NA	NA	NA	NA	NA	reports/STAGE10E_GATE_DECISION.md	642b5debda611484ae94a6935c87800f06538e5579b9fbb8c320236f5befaab4	read_only_historical	NA	NA	NA	NA	NA	NA	NA	NA	NA	NA	NA	NA	NA	NA	NA	NA	NA	NA	NA	NA	NA	NA	NA	NA	NA	NA	NA	NA	NA	NA	NA	NA	NA	NA	NA	NA	NA	NA	NA	NA	NA	NA	NA	NA	NA	NA	NA	NA	NA	NA	NA	NA	NA	NA	NA	NA	NA	NA	NA	NA
STAGE10E_R_HISTORY_BASELINE_SHA256	${CRC_LOCAL_PROJECT_ROOT}/results/stage10e_roi_remediation/STAGE10E_R_HISTORY_BASELINE_SHA256.tsv	f9c89f08077e22e9d85af8ef3feb044e31a29ef65dbc02f3a7751c7b67fef25d	NA	NA	NA	NA	NA	NA	NA	NA	NA	NA	NA	NA	NA	NA	NA	NA	NA	NA	NA	NA	NA	NA	NA	NA	NA	NA	NA	NA	NA	NA	NA	NA	NA	NA	NA	NA	NA	NA	NA	NA	NA	NA	NA	NA	NA	NA	NA	NA	NA	NA	NA	NA	NA	NA	NA	NA	NA	NA	NA	reports/STAGE10E_ACCEPTANCE.md	23338358a223ebe55106b3d40fbf5ecfbde83190e156df1aac2e96e9533a317d	read_only_historical	NA	NA	NA	NA	NA	NA	NA	NA	NA	NA	NA	NA	NA	NA	NA	NA	NA	NA	NA	NA	NA	NA	NA	NA	NA	NA	NA	NA	NA	NA	NA	NA	NA	NA	NA	NA	NA	NA	NA	NA	NA	NA	NA	NA	NA	NA	NA	NA	NA	NA	NA	NA	NA	NA	NA	NA	NA	NA	NA	NA
STAGE10E_R_HISTORY_BASELINE_SHA256	${CRC_LOCAL_PROJECT_ROOT}/results/stage10e_roi_remediation/STAGE10E_R_HISTORY_BASELINE_SHA256.tsv	f9c89f08077e22e9d85af8ef3feb044e31a29ef65dbc02f3a7751c7b67fef25d	NA	NA	NA	NA	NA	NA	NA	NA	NA	NA	NA	NA	NA	NA	NA	NA	NA	NA	NA	NA	NA	NA	NA	NA	NA	NA	NA	NA	NA	NA	NA	NA	NA	NA	NA	NA	NA	NA	NA	NA	NA	NA	NA	NA	NA	NA	NA	NA	NA	NA	NA	NA	NA	NA	NA	NA	NA	NA	NA	scripts/10E_spatial_blind_qc.R	3c177bf562522d6f1b683ce8da802841146b3e71d429b154319199bd49a74ed9	read_only_historical	NA	NA	NA	NA	NA	NA	NA	NA	NA	NA	NA	NA	NA	NA	NA	NA	NA	NA	NA	NA	NA	NA	NA	NA	NA	NA	NA	NA	NA	NA	NA	NA	NA	NA	NA	NA	NA	NA	NA	NA	NA	NA	NA	NA	NA	NA	NA	NA	NA	NA	NA	NA	NA	NA	NA	NA	NA	NA	NA	NA
STAGE10E_R_HISTORY_BASELINE_SHA256	${CRC_LOCAL_PROJECT_ROOT}/results/stage10e_roi_remediation/STAGE10E_R_HISTORY_BASELINE_SHA256.tsv	f9c89f08077e22e9d85af8ef3feb044e31a29ef65dbc02f3a7751c7b67fef25d	NA	NA	NA	NA	NA	NA	NA	NA	NA	NA	NA	NA	NA	NA	NA	NA	NA	NA	NA	NA	NA	NA	NA	NA	NA	NA	NA	NA	NA	NA	NA	NA	NA	NA	NA	NA	NA	NA	NA	NA	NA	NA	NA	NA	NA	NA	NA	NA	NA	NA	NA	NA	NA	NA	NA	NA	NA	NA	NA	config/stage10e_parameters.tsv	6d49f647a6a88e61611b4c58a0c01049b1b1cb37a9cf425e267bbc86bbc7ea87	read_only_historical	NA	NA	NA	NA	NA	NA	NA	NA	NA	NA	NA	NA	NA	NA	NA	NA	NA	NA	NA	NA	NA	NA	NA	NA	NA	NA	NA	NA	NA	NA	NA	NA	NA	NA	NA	NA	NA	NA	NA	NA	NA	NA	NA	NA	NA	NA	NA	NA	NA	NA	NA	NA	NA	NA	NA	NA	NA	NA	NA	NA
STAGE10E_R_HISTORY_BASELINE_SHA256	${CRC_LOCAL_PROJECT_ROOT}/results/stage10e_roi_remediation/STAGE10E_R_HISTORY_BASELINE_SHA256.tsv	f9c89f08077e22e9d85af8ef3feb044e31a29ef65dbc02f3a7751c7b67fef25d	NA	NA	NA	NA	NA	NA	NA	NA	NA	NA	NA	NA	NA	NA	NA	NA	NA	NA	NA	NA	NA	NA	NA	NA	NA	NA	NA	NA	NA	NA	NA	NA	NA	NA	NA	NA	NA	NA	NA	NA	NA	NA	NA	NA	NA	NA	NA	NA	NA	NA	NA	NA	NA	NA	NA	NA	NA	NA	NA	config/stage10e_roi_overlay_panels.tsv	a212bc26e1858af7e335fbd983525cbc0bf17e5a09ca339d75d6583ee786c1bc	read_only_historical	NA	NA	NA	NA	NA	NA	NA	NA	NA	NA	NA	NA	NA	NA	NA	NA	NA	NA	NA	NA	NA	NA	NA	NA	NA	NA	NA	NA	NA	NA	NA	NA	NA	NA	NA	NA	NA	NA	NA	NA	NA	NA	NA	NA	NA	NA	NA	NA	NA	NA	NA	NA	NA	NA	NA	NA	NA	NA	NA	NA
STAGE10E_R_HISTORY_BASELINE_SHA256	${CRC_LOCAL_PROJECT_ROOT}/results/stage10e_roi_remediation/STAGE10E_R_HISTORY_BASELINE_SHA256.tsv	f9c89f08077e22e9d85af8ef3feb044e31a29ef65dbc02f3a7751c7b67fef25d	NA	NA	NA	NA	NA	NA	NA	NA	NA	NA	NA	NA	NA	NA	NA	NA	NA	NA	NA	NA	NA	NA	NA	NA	NA	NA	NA	NA	NA	NA	NA	NA	NA	NA	NA	NA	NA	NA	NA	NA	NA	NA	NA	NA	NA	NA	NA	NA	NA	NA	NA	NA	NA	NA	NA	NA	NA	NA	NA	STATUS.md	f164610d52eed0d320619aab160c6caa53036a62dfc190ca2d2219e178219bd0	read_only_historical	NA	NA	NA	NA	NA	NA	NA	NA	NA	NA	NA	NA	NA	NA	NA	NA	NA	NA	NA	NA	NA	NA	NA	NA	NA	NA	NA	NA	NA	NA	NA	NA	NA	NA	NA	NA	NA	NA	NA	NA	NA	NA	NA	NA	NA	NA	NA	NA	NA	NA	NA	NA	NA	NA	NA	NA	NA	NA	NA	NA
STAGE10E_R_INPUT_WHITELIST	${CRC_LOCAL_PROJECT_ROOT}/results/stage10e_roi_remediation/STAGE10E_R_INPUT_WHITELIST.tsv	24e7d8f9650de237925063c4e1b95c56c063cb51c3be6a82dd3985645c4c320f	case1	NA	NA	NA	NA	NA	NA	NA	NA	NA	NA	NA	NA	NA	NA	NA	NA	NA	NA	NA	NA	NA	NA	${CRC_PROJECT_ROOT}/metadata/stage10C2_SP/sources/gr1.jpg	published pathologist overlay	NA	NA	NA	NA	NA	NA	NA	NA	NA	NA	NA	NA	NA	NA	NA	NA	NA	NA	NA	NA	NA	NA	NA	NA	NA	NA	NA	NA	NA	NA	NA	NA	NA	NA	NA	NA	NA	overlay_source	d455cdd2deaad6bcd1b1fc4d44317150bc352c33811b37542b45341c91dafa27	NO	NA	NA	NA	NA	NA	NA	NA	NA	NA	NA	NA	NA	NA	NA	NA	NA	NA	NA	NA	NA	NA	NA	NA	NA	NA	NA	NA	NA	NA	NA	NA	NA	NA	NA	NA	NA	NA	NA	NA	NA	NA	NA	NA	NA	NA	NA	NA	NA	NA	NA	NA	NA	NA	NA	NA	NA	NA
STAGE10E_R_INPUT_WHITELIST	${CRC_LOCAL_PROJECT_ROOT}/results/stage10e_roi_remediation/STAGE10E_R_INPUT_WHITELIST.tsv	24e7d8f9650de237925063c4e1b95c56c063cb51c3be6a82dd3985645c4c320f	case1	NA	NA	NA	NA	NA	NA	NA	NA	NA	NA	NA	NA	NA	NA	NA	NA	NA	NA	NA	NA	NA	NA	${CRC_PROJECT_ROOT}/data_processed/stage10e/stage10e_20260801_010406/derived/Rectum_kyudai_Beppu_20200303/tissue_hires_image.png	deposited H&E image	NA	NA	NA	NA	NA	NA	NA	NA	NA	NA	NA	NA	NA	NA	NA	NA	NA	NA	NA	NA	NA	NA	NA	NA	NA	NA	NA	NA	NA	NA	NA	NA	NA	NA	NA	NA	NA	hires_source	139f5c4a9395f5a1abc5f1badaba9048b382ade9991d907705b6e06007a4d212	NO	NA	NA	NA	NA	NA	NA	NA	NA	NA	NA	NA	NA	NA	NA	NA	NA	NA	NA	NA	NA	NA	NA	NA	NA	NA	NA	NA	NA	NA	NA	NA	NA	NA	NA	NA	NA	NA	NA	NA	NA	NA	NA	NA	NA	NA	NA	NA	NA	NA	NA	NA	NA	NA	NA	NA	NA	NA
STAGE10E_R_INPUT_WHITELIST	${CRC_LOCAL_PROJECT_ROOT}/results/stage10e_roi_remediation/STAGE10E_R_INPUT_WHITELIST.tsv	24e7d8f9650de237925063c4e1b95c56c063cb51c3be6a82dd3985645c4c320f	case1	NA	NA	NA	NA	NA	NA	NA	NA	NA	NA	NA	NA	NA	NA	NA	NA	NA	NA	NA	NA	NA	NA	${CRC_PROJECT_ROOT}/data_processed/stage10e/stage10e_20260801_010406/derived/Rectum_kyudai_Beppu_20200303/tissue_positions_list.csv	10x spot coordinates and tissue mask	NA	NA	NA	NA	NA	NA	NA	NA	NA	NA	NA	NA	NA	NA	NA	NA	NA	NA	NA	NA	NA	NA	NA	NA	NA	NA	NA	NA	NA	NA	NA	NA	NA	NA	NA	NA	NA	positions_source	394e922bb98365d5d73fbc5dfeebe50411a67f19dc3f2df980c0a828ecb6b791	NO	NA	NA	NA	NA	NA	NA	NA	NA	NA	NA	NA	NA	NA	NA	NA	NA	NA	NA	NA	NA	NA	NA	NA	NA	NA	NA	NA	NA	NA	NA	NA	NA	NA	NA	NA	NA	NA	NA	NA	NA	NA	NA	NA	NA	NA	NA	NA	NA	NA	NA	NA	NA	NA	NA	NA	NA	NA
STAGE10E_R_INPUT_WHITELIST	${CRC_LOCAL_PROJECT_ROOT}/results/stage10e_roi_remediation/STAGE10E_R_INPUT_WHITELIST.tsv	24e7d8f9650de237925063c4e1b95c56c063cb51c3be6a82dd3985645c4c320f	case1	NA	NA	NA	NA	NA	NA	NA	NA	NA	NA	NA	NA	NA	NA	NA	NA	NA	NA	NA	NA	NA	NA	${CRC_PROJECT_ROOT}/data_processed/stage10e/stage10e_20260801_010406/derived/Rectum_kyudai_Beppu_20200303/scalefactors_json.json	10x coordinate scalefactors	NA	NA	NA	NA	NA	NA	NA	NA	NA	NA	NA	NA	NA	NA	NA	NA	NA	NA	NA	NA	NA	NA	NA	NA	NA	NA	NA	NA	NA	NA	NA	NA	NA	NA	NA	NA	NA	scalefactors_source	1ea2024c13dca245b5f11041ba47e68de8cdcae248872f0b0617e339d526c124	NO	NA	NA	NA	NA	NA	NA	NA	NA	NA	NA	NA	NA	NA	NA	NA	NA	NA	NA	NA	NA	NA	NA	NA	NA	NA	NA	NA	NA	NA	NA	NA	NA	NA	NA	NA	NA	NA	NA	NA	NA	NA	NA	NA	NA	NA	NA	NA	NA	NA	NA	NA	NA	NA	NA	NA	NA	NA
STAGE10E_R_INPUT_WHITELIST	${CRC_LOCAL_PROJECT_ROOT}/results/stage10e_roi_remediation/STAGE10E_R_INPUT_WHITELIST.tsv	24e7d8f9650de237925063c4e1b95c56c063cb51c3be6a82dd3985645c4c320f	case2	NA	NA	NA	NA	NA	NA	NA	NA	NA	NA	NA	NA	NA	NA	NA	NA	NA	NA	NA	NA	NA	NA	${CRC_PROJECT_ROOT}/data_processed/stage10e/stage10e_20260801_010406/derived/source_render/mmc1-01.png	published pathologist overlay	NA	NA	NA	NA	NA	NA	NA	NA	NA	NA	NA	NA	NA	NA	NA	NA	NA	NA	NA	NA	NA	NA	NA	NA	NA	NA	NA	NA	NA	NA	NA	NA	NA	NA	NA	NA	NA	overlay_source	56df1c29b794f81ef1ca0c0de66e12d8e768950912819ef9d5a0df0ee1151138	NO	NA	NA	NA	NA	NA	NA	NA	NA	NA	NA	NA	NA	NA	NA	NA	NA	NA	NA	NA	NA	NA	NA	NA	NA	NA	NA	NA	NA	NA	NA	NA	NA	NA	NA	NA	NA	NA	NA	NA	NA	NA	NA	NA	NA	NA	NA	NA	NA	NA	NA	NA	NA	NA	NA	NA	NA	NA
STAGE10E_R_INPUT_WHITELIST	${CRC_LOCAL_PROJECT_ROOT}/results/stage10e_roi_remediation/STAGE10E_R_INPUT_WHITELIST.tsv	24e7d8f9650de237925063c4e1b95c56c063cb51c3be6a82dd3985645c4c320f	case2	NA	NA	NA	NA	NA	NA	NA	NA	NA	NA	NA	NA	NA	NA	NA	NA	NA	NA	NA	NA	NA	NA	${CRC_PROJECT_ROOT}/data_processed/stage10e/stage10e_20260801_010406/derived/Ascending_kyudai_Beppu_20200430/tissue_hires_image.png	deposited H&E image	NA	NA	NA	NA	NA	NA	NA	NA	NA	NA	NA	NA	NA	NA	NA	NA	NA	NA	NA	NA	NA	NA	NA	NA	NA	NA	NA	NA	NA	NA	NA	NA	NA	NA	NA	NA	NA	hires_source	7f1788555ede1f6fe3a6d3437528fdb10da76289cabf37dd68eda9b65757829f	NO	NA	NA	NA	NA	NA	NA	NA	NA	NA	NA	NA	NA	NA	NA	NA	NA	NA	NA	NA	NA	NA	NA	NA	NA	NA	NA	NA	NA	NA	NA	NA	NA	NA	NA	NA	NA	NA	NA	NA	NA	NA	NA	NA	NA	NA	NA	NA	NA	NA	NA	NA	NA	NA	NA	NA	NA	NA
STAGE10E_R_INPUT_WHITELIST	${CRC_LOCAL_PROJECT_ROOT}/results/stage10e_roi_remediation/STAGE10E_R_INPUT_WHITELIST.tsv	24e7d8f9650de237925063c4e1b95c56c063cb51c3be6a82dd3985645c4c320f	case2	NA	NA	NA	NA	NA	NA	NA	NA	NA	NA	NA	NA	NA	NA	NA	NA	NA	NA	NA	NA	NA	NA	${CRC_PROJECT_ROOT}/data_processed/stage10e/stage10e_20260801_010406/derived/Ascending_kyudai_Beppu_20200430/tissue_positions_list.csv	10x spot coordinates and tissue mask	NA	NA	NA	NA	NA	NA	NA	NA	NA	NA	NA	NA	NA	NA	NA	NA	NA	NA	NA	NA	NA	NA	NA	NA	NA	NA	NA	NA	NA	NA	NA	NA	NA	NA	NA	NA	NA	positions_source	aa55dec7ce819bc822be2fd3f31e5943f6d1de6abab7ac0819ef008dbbf089f0	NO	NA	NA	NA	NA	NA	NA	NA	NA	NA	NA	NA	NA	NA	NA	NA	NA	NA	NA	NA	NA	NA	NA	NA	NA	NA	NA	NA	NA	NA	NA	NA	NA	NA	NA	NA	NA	NA	NA	NA	NA	NA	NA	NA	NA	NA	NA	NA	NA	NA	NA	NA	NA	NA	NA	NA	NA	NA
STAGE10E_R_INPUT_WHITELIST	${CRC_LOCAL_PROJECT_ROOT}/results/stage10e_roi_remediation/STAGE10E_R_INPUT_WHITELIST.tsv	24e7d8f9650de237925063c4e1b95c56c063cb51c3be6a82dd3985645c4c320f	case2	NA	NA	NA	NA	NA	NA	NA	NA	NA	NA	NA	NA	NA	NA	NA	NA	NA	NA	NA	NA	NA	NA	${CRC_PROJECT_ROOT}/data_processed/stage10e/stage10e_20260801_010406/derived/Ascending_kyudai_Beppu_20200430/scalefactors_json.json	10x coordinate scalefactors	NA	NA	NA	NA	NA	NA	NA	NA	NA	NA	NA	NA	NA	NA	NA	NA	NA	NA	NA	NA	NA	NA	NA	NA	NA	NA	NA	NA	NA	NA	NA	NA	NA	NA	NA	NA	NA	scalefactors_source	d0ff166cd5a20d274dcb178e64da7dada5d9a459df174b45f2d1249d63121ce5	NO	NA	NA	NA	NA	NA	NA	NA	NA	NA	NA	NA	NA	NA	NA	NA	NA	NA	NA	NA	NA	NA	NA	NA	NA	NA	NA	NA	NA	NA	NA	NA	NA	NA	NA	NA	NA	NA	NA	NA	NA	NA	NA	NA	NA	NA	NA	NA	NA	NA	NA	NA	NA	NA	NA	NA	NA	NA
STAGE10E_R_INPUT_WHITELIST	${CRC_LOCAL_PROJECT_ROOT}/results/stage10e_roi_remediation/STAGE10E_R_INPUT_WHITELIST.tsv	24e7d8f9650de237925063c4e1b95c56c063cb51c3be6a82dd3985645c4c320f	case3	NA	NA	NA	NA	NA	NA	NA	NA	NA	NA	NA	NA	NA	NA	NA	NA	NA	NA	NA	NA	NA	NA	${CRC_PROJECT_ROOT}/data_processed/stage10e/stage10e_20260801_010406/derived/source_render/mmc1-01.png	published pathologist overlay	NA	NA	NA	NA	NA	NA	NA	NA	NA	NA	NA	NA	NA	NA	NA	NA	NA	NA	NA	NA	NA	NA	NA	NA	NA	NA	NA	NA	NA	NA	NA	NA	NA	NA	NA	NA	NA	overlay_source	56df1c29b794f81ef1ca0c0de66e12d8e768950912819ef9d5a0df0ee1151138	NO	NA	NA	NA	NA	NA	NA	NA	NA	NA	NA	NA	NA	NA	NA	NA	NA	NA	NA	NA	NA	NA	NA	NA	NA	NA	NA	NA	NA	NA	NA	NA	NA	NA	NA	NA	NA	NA	NA	NA	NA	NA	NA	NA	NA	NA	NA	NA	NA	NA	NA	NA	NA	NA	NA	NA	NA	NA
STAGE10E_R_INPUT_WHITELIST	${CRC_LOCAL_PROJECT_ROOT}/results/stage10e_roi_remediation/STAGE10E_R_INPUT_WHITELIST.tsv	24e7d8f9650de237925063c4e1b95c56c063cb51c3be6a82dd3985645c4c320f	case3	NA	NA	NA	NA	NA	NA	NA	NA	NA	NA	NA	NA	NA	NA	NA	NA	NA	NA	NA	NA	NA	NA	${CRC_PROJECT_ROOT}/data_processed/stage10e/stage10e_20260801_010406/derived/Sigmoid_kyudai_Beppu_20210602/tissue_hires_image.png	deposited H&E image	NA	NA	NA	NA	NA	NA	NA	NA	NA	NA	NA	NA	NA	NA	NA	NA	NA	NA	NA	NA	NA	NA	NA	NA	NA	NA	NA	NA	NA	NA	NA	NA	NA	NA	NA	NA	NA	hires_source	edb0e35fbf9f83b9208df42013d0fb4de87deb58cdb3889b1fece71b582e81f3	NO	NA	NA	NA	NA	NA	NA	NA	NA	NA	NA	NA	NA	NA	NA	NA	NA	NA	NA	NA	NA	NA	NA	NA	NA	NA	NA	NA	NA	NA	NA	NA	NA	NA	NA	NA	NA	NA	NA	NA	NA	NA	NA	NA	NA	NA	NA	NA	NA	NA	NA	NA	NA	NA	NA	NA	NA	NA
STAGE10E_R_INPUT_WHITELIST	${CRC_LOCAL_PROJECT_ROOT}/results/stage10e_roi_remediation/STAGE10E_R_INPUT_WHITELIST.tsv	24e7d8f9650de237925063c4e1b95c56c063cb51c3be6a82dd3985645c4c320f	case3	NA	NA	NA	NA	NA	NA	NA	NA	NA	NA	NA	NA	NA	NA	NA	NA	NA	NA	NA	NA	NA	NA	${CRC_PROJECT_ROOT}/data_processed/stage10e/stage10e_20260801_010406/derived/Sigmoid_kyudai_Beppu_20210602/tissue_positions_list.csv	10x spot coordinates and tissue mask	NA	NA	NA	NA	NA	NA	NA	NA	NA	NA	NA	NA	NA	NA	NA	NA	NA	NA	NA	NA	NA	NA	NA	NA	NA	NA	NA	NA	NA	NA	NA	NA	NA	NA	NA	NA	NA	positions_source	6ca6bf2915bc4dcb2fca87e5e7c8a6eb96370b76b294c589a106311c14e3786b	NO	NA	NA	NA	NA	NA	NA	NA	NA	NA	NA	NA	NA	NA	NA	NA	NA	NA	NA	NA	NA	NA	NA	NA	NA	NA	NA	NA	NA	NA	NA	NA	NA	NA	NA	NA	NA	NA	NA	NA	NA	NA	NA	NA	NA	NA	NA	NA	NA	NA	NA	NA	NA	NA	NA	NA	NA	NA
STAGE10E_R_INPUT_WHITELIST	${CRC_LOCAL_PROJECT_ROOT}/results/stage10e_roi_remediation/STAGE10E_R_INPUT_WHITELIST.tsv	24e7d8f9650de237925063c4e1b95c56c063cb51c3be6a82dd3985645c4c320f	case3	NA	NA	NA	NA	NA	NA	NA	NA	NA	NA	NA	NA	NA	NA	NA	NA	NA	NA	NA	NA	NA	NA	${CRC_PROJECT_ROOT}/data_processed/stage10e/stage10e_20260801_010406/derived/Sigmoid_kyudai_Beppu_20210602/scalefactors_json.json	10x coordinate scalefactors	NA	NA	NA	NA	NA	NA	NA	NA	NA	NA	NA	NA	NA	NA	NA	NA	NA	NA	NA	NA	NA	NA	NA	NA	NA	NA	NA	NA	NA	NA	NA	NA	NA	NA	NA	NA	NA	scalefactors_source	5f29b084bae40f71e7d16f5087f6219e26b1c4d478af50325ebaa98d674df2bd	NO	NA	NA	NA	NA	NA	NA	NA	NA	NA	NA	NA	NA	NA	NA	NA	NA	NA	NA	NA	NA	NA	NA	NA	NA	NA	NA	NA	NA	NA	NA	NA	NA	NA	NA	NA	NA	NA	NA	NA	NA	NA	NA	NA	NA	NA	NA	NA	NA	NA	NA	NA	NA	NA	NA	NA	NA	NA
STAGE10E_R_INPUT_WHITELIST	${CRC_LOCAL_PROJECT_ROOT}/results/stage10e_roi_remediation/STAGE10E_R_INPUT_WHITELIST.tsv	24e7d8f9650de237925063c4e1b95c56c063cb51c3be6a82dd3985645c4c320f	case4	NA	NA	NA	NA	NA	NA	NA	NA	NA	NA	NA	NA	NA	NA	NA	NA	NA	NA	NA	NA	NA	NA	${CRC_PROJECT_ROOT}/data_processed/stage10e/stage10e_20260801_010406/derived/source_render/mmc1-01.png	published pathologist overlay	NA	NA	NA	NA	NA	NA	NA	NA	NA	NA	NA	NA	NA	NA	NA	NA	NA	NA	NA	NA	NA	NA	NA	NA	NA	NA	NA	NA	NA	NA	NA	NA	NA	NA	NA	NA	NA	overlay_source	56df1c29b794f81ef1ca0c0de66e12d8e768950912819ef9d5a0df0ee1151138	NO	NA	NA	NA	NA	NA	NA	NA	NA	NA	NA	NA	NA	NA	NA	NA	NA	NA	NA	NA	NA	NA	NA	NA	NA	NA	NA	NA	NA	NA	NA	NA	NA	NA	NA	NA	NA	NA	NA	NA	NA	NA	NA	NA	NA	NA	NA	NA	NA	NA	NA	NA	NA	NA	NA	NA	NA	NA
STAGE10E_R_INPUT_WHITELIST	${CRC_LOCAL_PROJECT_ROOT}/results/stage10e_roi_remediation/STAGE10E_R_INPUT_WHITELIST.tsv	24e7d8f9650de237925063c4e1b95c56c063cb51c3be6a82dd3985645c4c320f	case4	NA	NA	NA	NA	NA	NA	NA	NA	NA	NA	NA	NA	NA	NA	NA	NA	NA	NA	NA	NA	NA	NA	${CRC_PROJECT_ROOT}/data_processed/stage10e/stage10e_20260801_010406/derived/Transverse_kyudai_Beppu_20211111/tissue_hires_image.png	deposited H&E image	NA	NA	NA	NA	NA	NA	NA	NA	NA	NA	NA	NA	NA	NA	NA	NA	NA	NA	NA	NA	NA	NA	NA	NA	NA	NA	NA	NA	NA	NA	NA	NA	NA	NA	NA	NA	NA	hires_source	b439cf47ddd81b7dce20d08b551f6b4cdf3e792f575239fa48dee0208a4bd9ab	NO	NA	NA	NA	NA	NA	NA	NA	NA	NA	NA	NA	NA	NA	NA	NA	NA	NA	NA	NA	NA	NA	NA	NA	NA	NA	NA	NA	NA	NA	NA	NA	NA	NA	NA	NA	NA	NA	NA	NA	NA	NA	NA	NA	NA	NA	NA	NA	NA	NA	NA	NA	NA	NA	NA	NA	NA	NA
STAGE10E_R_INPUT_WHITELIST	${CRC_LOCAL_PROJECT_ROOT}/results/stage10e_roi_remediation/STAGE10E_R_INPUT_WHITELIST.tsv	24e7d8f9650de237925063c4e1b95c56c063cb51c3be6a82dd3985645c4c320f	case4	NA	NA	NA	NA	NA	NA	NA	NA	NA	NA	NA	NA	NA	NA	NA	NA	NA	NA	NA	NA	NA	NA	${CRC_PROJECT_ROOT}/data_processed/stage10e/stage10e_20260801_010406/derived/Transverse_kyudai_Beppu_20211111/tissue_positions_list.csv	10x spot coordinates and tissue mask	NA	NA	NA	NA	NA	NA	NA	NA	NA	NA	NA	NA	NA	NA	NA	NA	NA	NA	NA	NA	NA	NA	NA	NA	NA	NA	NA	NA	NA	NA	NA	NA	NA	NA	NA	NA	NA	positions_source	77b981ae25929bf24e463e9bec93c91adfa44d457d4ca363e3e6381106c70037	NO	NA	NA	NA	NA	NA	NA	NA	NA	NA	NA	NA	NA	NA	NA	NA	NA	NA	NA	NA	NA	NA	NA	NA	NA	NA	NA	NA	NA	NA	NA	NA	NA	NA	NA	NA	NA	NA	NA	NA	NA	NA	NA	NA	NA	NA	NA	NA	NA	NA	NA	NA	NA	NA	NA	NA	NA	NA
STAGE10E_R_INPUT_WHITELIST	${CRC_LOCAL_PROJECT_ROOT}/results/stage10e_roi_remediation/STAGE10E_R_INPUT_WHITELIST.tsv	24e7d8f9650de237925063c4e1b95c56c063cb51c3be6a82dd3985645c4c320f	case4	NA	NA	NA	NA	NA	NA	NA	NA	NA	NA	NA	NA	NA	NA	NA	NA	NA	NA	NA	NA	NA	NA	${CRC_PROJECT_ROOT}/data_processed/stage10e/stage10e_20260801_010406/derived/Transverse_kyudai_Beppu_20211111/scalefactors_json.json	10x coordinate scalefactors	NA	NA	NA	NA	NA	NA	NA	NA	NA	NA	NA	NA	NA	NA	NA	NA	NA	NA	NA	NA	NA	NA	NA	NA	NA	NA	NA	NA	NA	NA	NA	NA	NA	NA	NA	NA	NA	scalefactors_source	6cdd350c3d8a8d97546e47d6ae51f565f4c255ad11fff5962358e856948955c0	NO	NA	NA	NA	NA	NA	NA	NA	NA	NA	NA	NA	NA	NA	NA	NA	NA	NA	NA	NA	NA	NA	NA	NA	NA	NA	NA	NA	NA	NA	NA	NA	NA	NA	NA	NA	NA	NA	NA	NA	NA	NA	NA	NA	NA	NA	NA	NA	NA	NA	NA	NA	NA	NA	NA	NA	NA	NA
STAGE10E_R_PATIENT_ELIGIBILITY	${CRC_LOCAL_PROJECT_ROOT}/results/stage10e_roi_remediation/STAGE10E_R_PATIENT_ELIGIBILITY.tsv	41628be12e550ffbce9be85ad0750463b812f029be527587f5ec664a840a897b	case1	Rectum_kyudai_Beppu_20200303	NA	NA	NA	NA	NA	NA	NA	NA	NA	NA	NA	NA	NA	NA	NA	NA	NA	NA	NA	NA	NA	NA	NA	NA	NA	NA	NA	NA	NA	NA	NA	NA	NA	NA	NA	NA	NA	NA	NA	NA	NA	NA	NA	NA	NA	NA	NA	NA	NA	NA	NA	NA	NA	NA	NA	NA	NA	NA	NA	NA	NA	NA	NA	FALSE	TRUE	495	58	30	FAIL_REGISTRATION	patient	NA	NA	NA	NA	NA	NA	NA	NA	NA	NA	NA	NA	NA	NA	NA	NA	NA	NA	NA	NA	NA	NA	NA	NA	NA	NA	NA	NA	NA	NA	NA	NA	NA	NA	NA	NA	NA	NA	NA	NA	NA	NA	NA	NA	NA	NA	NA	NA	NA	NA
STAGE10E_R_PATIENT_ELIGIBILITY	${CRC_LOCAL_PROJECT_ROOT}/results/stage10e_roi_remediation/STAGE10E_R_PATIENT_ELIGIBILITY.tsv	41628be12e550ffbce9be85ad0750463b812f029be527587f5ec664a840a897b	case2	Ascending_kyudai_Beppu_20200430	NA	NA	NA	NA	NA	NA	NA	NA	NA	NA	NA	NA	NA	NA	NA	NA	NA	NA	NA	NA	NA	NA	NA	NA	NA	NA	NA	NA	NA	NA	NA	NA	NA	NA	NA	NA	NA	NA	NA	NA	NA	NA	NA	NA	NA	NA	NA	NA	NA	NA	NA	NA	NA	NA	NA	NA	NA	NA	NA	NA	NA	NA	NA	FALSE	FALSE	677	0	30	FAIL_REGISTRATION	patient	NA	NA	NA	NA	NA	NA	NA	NA	NA	NA	NA	NA	NA	NA	NA	NA	NA	NA	NA	NA	NA	NA	NA	NA	NA	NA	NA	NA	NA	NA	NA	NA	NA	NA	NA	NA	NA	NA	NA	NA	NA	NA	NA	NA	NA	NA	NA	NA	NA	NA
STAGE10E_R_PATIENT_ELIGIBILITY	${CRC_LOCAL_PROJECT_ROOT}/results/stage10e_roi_remediation/STAGE10E_R_PATIENT_ELIGIBILITY.tsv	41628be12e550ffbce9be85ad0750463b812f029be527587f5ec664a840a897b	case3	Sigmoid_kyudai_Beppu_20210602	NA	NA	NA	NA	NA	NA	NA	NA	NA	NA	NA	NA	NA	NA	NA	NA	NA	NA	NA	NA	NA	NA	NA	NA	NA	NA	NA	NA	NA	NA	NA	NA	NA	NA	NA	NA	NA	NA	NA	NA	NA	NA	NA	NA	NA	NA	NA	NA	NA	NA	NA	NA	NA	NA	NA	NA	NA	NA	NA	NA	NA	NA	NA	FALSE	TRUE	338	762	30	FAIL_REGISTRATION	patient	NA	NA	NA	NA	NA	NA	NA	NA	NA	NA	NA	NA	NA	NA	NA	NA	NA	NA	NA	NA	NA	NA	NA	NA	NA	NA	NA	NA	NA	NA	NA	NA	NA	NA	NA	NA	NA	NA	NA	NA	NA	NA	NA	NA	NA	NA	NA	NA	NA	NA
STAGE10E_R_PATIENT_ELIGIBILITY	${CRC_LOCAL_PROJECT_ROOT}/results/stage10e_roi_remediation/STAGE10E_R_PATIENT_ELIGIBILITY.tsv	41628be12e550ffbce9be85ad0750463b812f029be527587f5ec664a840a897b	case4	Transverse_kyudai_Beppu_20211111	NA	NA	NA	NA	NA	NA	NA	NA	NA	NA	NA	NA	NA	NA	NA	NA	NA	NA	NA	NA	NA	NA	NA	NA	NA	NA	NA	NA	NA	NA	NA	NA	NA	NA	NA	NA	NA	NA	NA	NA	NA	NA	NA	NA	NA	NA	NA	NA	NA	NA	NA	NA	NA	NA	NA	NA	NA	NA	NA	NA	NA	NA	NA	TRUE	TRUE	1075	224	30	PASS	patient	NA	NA	NA	NA	NA	NA	NA	NA	NA	NA	NA	NA	NA	NA	NA	NA	NA	NA	NA	NA	NA	NA	NA	NA	NA	NA	NA	NA	NA	NA	NA	NA	NA	NA	NA	NA	NA	NA	NA	NA	NA	NA	NA	NA	NA	NA	NA	NA	NA	NA
STAGE10E_R_ROI_AGREEMENT	${CRC_LOCAL_PROJECT_ROOT}/results/stage10e_roi_remediation/STAGE10E_R_ROI_AGREEMENT.tsv	33129538bc8a61f1ef7f564d581417be07317e17b63b142008a6ed4330e1abbd	case1	Rectum_kyudai_Beppu_20200303	NA	NA	NA	NA	NA	NA	NA	NA	NA	NA	NA	NA	NA	NA	NA	NA	NA	NA	NA	NA	NA	NA	NA	NA	NA	NA	NA	NA	NA	NA	NA	NA	NA	NA	NA	NA	NA	NA	NA	NA	NA	NA	NA	NA	NA	NA	NA	NA	NA	NA	NA	NA	NA	NA	NA	NA	NA	NA	NA	NA	NA	NA	NA	FALSE	NA	NA	NA	NA	NA	NA	common_pathology_determinable_in_tissue_Normal_or_Adenoma	835	0.66227545	0.070493589	0.3245509	0.77830189	0.63706564	0.29145729	0.17058824	0.51086569	0.4474528	0.80299252	495	58	NA	NA	NA	NA	NA	NA	NA	NA	NA	NA	NA	NA	NA	NA	NA	NA	NA	NA	NA	NA	NA	NA	NA	NA	NA	NA	NA	NA	NA	NA	NA	NA	NA	NA	NA	NA
STAGE10E_R_ROI_AGREEMENT	${CRC_LOCAL_PROJECT_ROOT}/results/stage10e_roi_remediation/STAGE10E_R_ROI_AGREEMENT.tsv	33129538bc8a61f1ef7f564d581417be07317e17b63b142008a6ed4330e1abbd	case2	Ascending_kyudai_Beppu_20200430	NA	NA	NA	NA	NA	NA	NA	NA	NA	NA	NA	NA	NA	NA	NA	NA	NA	NA	NA	NA	NA	NA	NA	NA	NA	NA	NA	NA	NA	NA	NA	NA	NA	NA	NA	NA	NA	NA	NA	NA	NA	NA	NA	NA	NA	NA	NA	NA	NA	NA	NA	NA	NA	NA	NA	NA	NA	NA	NA	NA	NA	NA	NA	FALSE	NA	NA	NA	NA	NA	NA	common_pathology_determinable_in_tissue_Normal_or_Adenoma	1174	0.57666099	-0.26839183	0.15332198	0.73149649	0.57666099	0	0	0.46590577	0.22505121	0.80187299	677	0	NA	NA	NA	NA	NA	NA	NA	NA	NA	NA	NA	NA	NA	NA	NA	NA	NA	NA	NA	NA	NA	NA	NA	NA	NA	NA	NA	NA	NA	NA	NA	NA	NA	NA	NA	NA
STAGE10E_R_ROI_AGREEMENT	${CRC_LOCAL_PROJECT_ROOT}/results/stage10e_roi_remediation/STAGE10E_R_ROI_AGREEMENT.tsv	33129538bc8a61f1ef7f564d581417be07317e17b63b142008a6ed4330e1abbd	case3	Sigmoid_kyudai_Beppu_20210602	NA	NA	NA	NA	NA	NA	NA	NA	NA	NA	NA	NA	NA	NA	NA	NA	NA	NA	NA	NA	NA	NA	NA	NA	NA	NA	NA	NA	NA	NA	NA	NA	NA	NA	NA	NA	NA	NA	NA	NA	NA	NA	NA	NA	NA	NA	NA	NA	NA	NA	NA	NA	NA	NA	NA	NA	NA	NA	NA	NA	NA	NA	NA	FALSE	NA	NA	NA	NA	NA	NA	common_pathology_determinable_in_tissue_Normal_or_Adenoma	1233	0.89213301	0.75630275	0.78426602	0.83559951	0.71762208	0.91973446	0.85139665	0.30324277	0.34837862	0.5179667	338	762	NA	NA	NA	NA	NA	NA	NA	NA	NA	NA	NA	NA	NA	NA	NA	NA	NA	NA	NA	NA	NA	NA	NA	NA	NA	NA	NA	NA	NA	NA	NA	NA	NA	NA	NA	NA
STAGE10E_R_ROI_AGREEMENT	${CRC_LOCAL_PROJECT_ROOT}/results/stage10e_roi_remediation/STAGE10E_R_ROI_AGREEMENT.tsv	33129538bc8a61f1ef7f564d581417be07317e17b63b142008a6ed4330e1abbd	case4	Transverse_kyudai_Beppu_20211111	NA	NA	NA	NA	NA	NA	NA	NA	NA	NA	NA	NA	NA	NA	NA	NA	NA	NA	NA	NA	NA	NA	NA	NA	NA	NA	NA	NA	NA	NA	NA	NA	NA	NA	NA	NA	NA	NA	NA	NA	NA	NA	NA	NA	NA	NA	NA	NA	NA	NA	NA	NA	NA	NA	NA	NA	NA	NA	NA	NA	NA	NA	NA	TRUE	NA	NA	NA	NA	NA	NA	common_pathology_determinable_in_tissue_Normal_or_Adenoma	1357	0.95725866	0.85953033	0.91451732	0.97373188	0.94880847	0.88537549	0.79432624	0.58932838	0.58640828	0.65516326	1075	224	NA	NA	NA	NA	NA	NA	NA	NA	NA	NA	NA	NA	NA	NA	NA	NA	NA	NA	NA	NA	NA	NA	NA	NA	NA	NA	NA	NA	NA	NA	NA	NA	NA	NA	NA	NA
STAGE10E_R_RUN_MANIFEST	${CRC_LOCAL_PROJECT_ROOT}/results/stage10e_roi_remediation/STAGE10E_R_RUN_MANIFEST.tsv	880609df0eb3dd169f01cacad15dd8d6067f79f91d1a569613512c591980901f	NA	NA	NA	NA	NA	NA	NA	NA	NA	NA	NA	NA	NA	NA	NA	NA	NA	NA	NA	NA	NA	NA	NA	NA	NA	NA	NA	NA	NA	NA	NA	NA	NA	NA	NA	NA	NA	NA	NA	NA	NA	NA	NA	NA	NA	NA	NA	NA	NA	NA	NA	NA	NA	NA	NA	NA	NA	NA	NA	NA	NA	NA	NA	NA	NA	NA	NA	NA	NA	NA	NA	NA	NA	NA	NA	NA	NA	NA	NA	NA	NA	NA	NA	NA	NA	NA	stage10e_r_20260801_085142	tmux	crc_stage10e_r_20260801_085142	e830e0b	bash scripts/10E_R_run_server.sh <PROJECT_ROOT> stage10e_r_20260801_085142	STAGE10E_R_TRANSFORM_PARAMETERS.tsv;STAGE10E_R_GEOMETRIC_QC.tsv;STAGE10E_R_ROI_AGREEMENT.tsv;STAGE10E_R_PATIENT_ELIGIBILITY.tsv;STAGE10E_R_ACCEPTANCE.md;STAGE10E_R_DECISION.md	logs/stage10e_roi_remediation/stage10e_r_20260801_085142	tmux has-session -t crc_stage10e_r_20260801_085142 2>/dev/null; ls status/STAGE10E_R.*	If status is FAILED, inspect formal.stderr.log and validator.stderr.log; only implementation-error repair is allowed and scientific rules/targets/thresholds must remain unchanged	one_formal_run_per_slide	NO	NA	NA	NA	NA	NA	NA	NA	NA	NA	NA	NA	NA	NA	NA	NA	NA	NA	NA	NA	NA	NA	NA	NA	NA	NA
STAGE10E_R_RUNTIME	${CRC_LOCAL_PROJECT_ROOT}/results/stage10e_roi_remediation/STAGE10E_R_RUNTIME.tsv	44a2d67c0d6f9edb670c50a9730cf9643a569726a287d0b067f6a160cdf94750	NA	NA	NA	NA	NA	NA	NA	NA	NA	NA	NA	NA	NA	NA	NA	NA	NA	NA	NA	NA	NA	NA	NA	NA	NA	NA	NA	NA	NA	NA	NA	NA	NA	NA	NA	NA	NA	NA	NA	NA	NA	NA	NA	NA	NA	NA	NA	NA	NA	NA	NA	NA	NA	NA	NA	NA	NA	NA	NA	NA	NA	NA	NA	NA	NA	NA	NA	NA	NA	NA	NA	NA	NA	NA	NA	NA	NA	NA	NA	NA	NA	NA	NA	NA	NA	NA	stage10e_r_20260801_085142	NA	NA	NA	NA	NA	NA	NA	NA	NA	NA	2026-08-01T00:55:35.154244+00:00	3.10.12 (main, Jun 22 2026, 18:55:27) [GCC 11.4.0]	Linux-6.5.0-27-generic-x86_64-with-glibc2.35	1.21.5	1.8.0	9.0.1	20260731	NA	NA	NA	NA	NA	NA	NA	NA	NA	NA	NA	NA	NA	NA	NA	NA	NA	NA
STAGE10E_R_SMOKE_TEST	${CRC_LOCAL_PROJECT_ROOT}/results/stage10e_roi_remediation/STAGE10E_R_SMOKE_TEST.tsv	c2ee66239ffc757a535d1e92449013a416cc82f86bc170584bb3767a8be8c7df	NA	NA	NA	NA	NA	NA	NA	NA	NA	NA	NA	NA	NA	NA	NA	NA	NA	NA	NA	NA	NA	NA	NA	NA	NA	NA	NA	NA	NA	NA	NA	NA	NA	NA	NA	NA	NA	NA	NA	NA	NA	NA	NA	NA	PASS	NA	NA	NA	NA	NA	NA	NA	NA	NA	NA	NA	NA	NA	NA	NA	NA	NA	NA	NA	NA	NA	NA	NA	NA	NA	NA	NA	NA	NA	NA	NA	NA	NA	NA	NA	NA	NA	NA	NA	NA	NA	NA	NA	NA	NA	NA	NA	NA	NA	NA	NA	NA	NA	NA	NA	NA	NA	NA	NA	synthetic_affine_registration	0.20063052	1.4611652	NO	NA	NA	NA	NA	NA	NA	NA	NA	NA	NA	NA	NA	NA	NA
STAGE10E_R_TRANSFORM_PARAMETERS	${CRC_LOCAL_PROJECT_ROOT}/results/stage10e_roi_remediation/STAGE10E_R_TRANSFORM_PARAMETERS.tsv	ca54424a0be29d3ff773e8a08e2e21b6f06147fc07221eb9c8757673f4671ca2	case1	NA	NA	NA	NA	NA	NA	NA	NA	NA	NA	NA	NA	NA	NA	NA	NA	NA	NA	NA	NA	NA	NA	NA	NA	NA	NA	NA	NA	NA	NA	NA	NA	NA	NA	NA	NA	NA	NA	NA	NA	NA	NA	NA	NA	NA	NA	NA	NA	NA	NA	NA	NA	NA	NA	NA	NA	NA	NA	NA	NA	NA	NA	NA	NA	NA	NA	NA	NA	NA	NA	NA	NA	NA	NA	NA	NA	NA	NA	NA	NA	NA	NA	NA	NA	NA	stage10e_r_20260801_085142	NA	NA	NA	NA	NA	NA	NA	NA	NA	NA	NA	NA	NA	NA	NA	NA	NA	NA	NA	NA	NA	A_contour_coordinate	0	TRUE	similarity	-0.095394651	0	200.00448	0	0.095394651	-6.3723988	0.88341804	6.9511303e-05	FALSE	geometry_only
STAGE10E_R_TRANSFORM_PARAMETERS	${CRC_LOCAL_PROJECT_ROOT}/results/stage10e_roi_remediation/STAGE10E_R_TRANSFORM_PARAMETERS.tsv	ca54424a0be29d3ff773e8a08e2e21b6f06147fc07221eb9c8757673f4671ca2	case1	NA	NA	NA	NA	NA	NA	NA	NA	NA	NA	NA	NA	NA	NA	NA	NA	NA	NA	NA	NA	NA	NA	NA	NA	NA	NA	NA	NA	NA	NA	NA	NA	NA	NA	NA	NA	NA	NA	NA	NA	NA	NA	NA	NA	NA	NA	NA	NA	NA	NA	NA	NA	NA	NA	NA	NA	NA	NA	NA	NA	NA	NA	NA	NA	NA	NA	NA	NA	NA	NA	NA	NA	NA	NA	NA	NA	NA	NA	NA	NA	NA	NA	NA	NA	NA	stage10e_r_20260801_085142	NA	NA	NA	NA	NA	NA	NA	NA	NA	NA	NA	NA	NA	NA	NA	NA	NA	NA	NA	NA	NA	B_morphology_landmark	0	FALSE	affine_landmarks	0.10851683	0.00021166198	-14.422337	-0.0070592336	0.10379727	-16.175243	6.7802471	6.4409058	FALSE	geometry_only
STAGE10E_R_TRANSFORM_PARAMETERS	${CRC_LOCAL_PROJECT_ROOT}/results/stage10e_roi_remediation/STAGE10E_R_TRANSFORM_PARAMETERS.tsv	ca54424a0be29d3ff773e8a08e2e21b6f06147fc07221eb9c8757673f4671ca2	case2	NA	NA	NA	NA	NA	NA	NA	NA	NA	NA	NA	NA	NA	NA	NA	NA	NA	NA	NA	NA	NA	NA	NA	NA	NA	NA	NA	NA	NA	NA	NA	NA	NA	NA	NA	NA	NA	NA	NA	NA	NA	NA	NA	NA	NA	NA	NA	NA	NA	NA	NA	NA	NA	NA	NA	NA	NA	NA	NA	NA	NA	NA	NA	NA	NA	NA	NA	NA	NA	NA	NA	NA	NA	NA	NA	NA	NA	NA	NA	NA	NA	NA	NA	NA	NA	stage10e_r_20260801_085142	NA	NA	NA	NA	NA	NA	NA	NA	NA	NA	NA	NA	NA	NA	NA	NA	NA	NA	NA	NA	NA	A_contour_coordinate	180	FALSE	similarity	-0.088593221	-1.084954e-17	178.91968	1.084954e-17	-0.088593221	152.01601	0.73401705	0.10656965	FALSE	geometry_only
STAGE10E_R_TRANSFORM_PARAMETERS	${CRC_LOCAL_PROJECT_ROOT}/results/stage10e_roi_remediation/STAGE10E_R_TRANSFORM_PARAMETERS.tsv	ca54424a0be29d3ff773e8a08e2e21b6f06147fc07221eb9c8757673f4671ca2	case2	NA	NA	NA	NA	NA	NA	NA	NA	NA	NA	NA	NA	NA	NA	NA	NA	NA	NA	NA	NA	NA	NA	NA	NA	NA	NA	NA	NA	NA	NA	NA	NA	NA	NA	NA	NA	NA	NA	NA	NA	NA	NA	NA	NA	NA	NA	NA	NA	NA	NA	NA	NA	NA	NA	NA	NA	NA	NA	NA	NA	NA	NA	NA	NA	NA	NA	NA	NA	NA	NA	NA	NA	NA	NA	NA	NA	NA	NA	NA	NA	NA	NA	NA	NA	NA	stage10e_r_20260801_085142	NA	NA	NA	NA	NA	NA	NA	NA	NA	NA	NA	NA	NA	NA	NA	NA	NA	NA	NA	NA	NA	B_morphology_landmark	0	FALSE	affine_landmarks	0.081494065	0.0058410985	-14.485517	0.0016779579	0.088615104	0.22159352	9.3477424	3.9675806	FALSE	geometry_only
STAGE10E_R_TRANSFORM_PARAMETERS	${CRC_LOCAL_PROJECT_ROOT}/results/stage10e_roi_remediation/STAGE10E_R_TRANSFORM_PARAMETERS.tsv	ca54424a0be29d3ff773e8a08e2e21b6f06147fc07221eb9c8757673f4671ca2	case3	NA	NA	NA	NA	NA	NA	NA	NA	NA	NA	NA	NA	NA	NA	NA	NA	NA	NA	NA	NA	NA	NA	NA	NA	NA	NA	NA	NA	NA	NA	NA	NA	NA	NA	NA	NA	NA	NA	NA	NA	NA	NA	NA	NA	NA	NA	NA	NA	NA	NA	NA	NA	NA	NA	NA	NA	NA	NA	NA	NA	NA	NA	NA	NA	NA	NA	NA	NA	NA	NA	NA	NA	NA	NA	NA	NA	NA	NA	NA	NA	NA	NA	NA	NA	NA	stage10e_r_20260801_085142	NA	NA	NA	NA	NA	NA	NA	NA	NA	NA	NA	NA	NA	NA	NA	NA	NA	NA	NA	NA	NA	A_contour_coordinate	0	FALSE	similarity	0.07207674	0	-11.769454	0	0.07207674	28.55145	0.93005917	0.0093980905	FALSE	geometry_only
STAGE10E_R_TRANSFORM_PARAMETERS	${CRC_LOCAL_PROJECT_ROOT}/results/stage10e_roi_remediation/STAGE10E_R_TRANSFORM_PARAMETERS.tsv	ca54424a0be29d3ff773e8a08e2e21b6f06147fc07221eb9c8757673f4671ca2	case3	NA	NA	NA	NA	NA	NA	NA	NA	NA	NA	NA	NA	NA	NA	NA	NA	NA	NA	NA	NA	NA	NA	NA	NA	NA	NA	NA	NA	NA	NA	NA	NA	NA	NA	NA	NA	NA	NA	NA	NA	NA	NA	NA	NA	NA	NA	NA	NA	NA	NA	NA	NA	NA	NA	NA	NA	NA	NA	NA	NA	NA	NA	NA	NA	NA	NA	NA	NA	NA	NA	NA	NA	NA	NA	NA	NA	NA	NA	NA	NA	NA	NA	NA	NA	NA	stage10e_r_20260801_085142	NA	NA	NA	NA	NA	NA	NA	NA	NA	NA	NA	NA	NA	NA	NA	NA	NA	NA	NA	NA	NA	B_morphology_landmark	0	FALSE	affine_landmarks	0.077931853	-0.0054410771	-5.4870017	0.00055422392	0.090883808	-0.46641625	7.58832	7.0885621	FALSE	geometry_only
STAGE10E_R_TRANSFORM_PARAMETERS	${CRC_LOCAL_PROJECT_ROOT}/results/stage10e_roi_remediation/STAGE10E_R_TRANSFORM_PARAMETERS.tsv	ca54424a0be29d3ff773e8a08e2e21b6f06147fc07221eb9c8757673f4671ca2	case4	NA	NA	NA	NA	NA	NA	NA	NA	NA	NA	NA	NA	NA	NA	NA	NA	NA	NA	NA	NA	NA	NA	NA	NA	NA	NA	NA	NA	NA	NA	NA	NA	NA	NA	NA	NA	NA	NA	NA	NA	NA	NA	NA	NA	NA	NA	NA	NA	NA	NA	NA	NA	NA	NA	NA	NA	NA	NA	NA	NA	NA	NA	NA	NA	NA	NA	NA	NA	NA	NA	NA	NA	NA	NA	NA	NA	NA	NA	NA	NA	NA	NA	NA	NA	NA	stage10e_r_20260801_085142	NA	NA	NA	NA	NA	NA	NA	NA	NA	NA	NA	NA	NA	NA	NA	NA	NA	NA	NA	NA	NA	A_contour_coordinate	0	FALSE	similarity	0.084342534	0	-34.338616	0	0.084342534	4.5843459	0.98639359	0.01407472	FALSE	geometry_only
STAGE10E_R_TRANSFORM_PARAMETERS	${CRC_LOCAL_PROJECT_ROOT}/results/stage10e_roi_remediation/STAGE10E_R_TRANSFORM_PARAMETERS.tsv	ca54424a0be29d3ff773e8a08e2e21b6f06147fc07221eb9c8757673f4671ca2	case4	NA	NA	NA	NA	NA	NA	NA	NA	NA	NA	NA	NA	NA	NA	NA	NA	NA	NA	NA	NA	NA	NA	NA	NA	NA	NA	NA	NA	NA	NA	NA	NA	NA	NA	NA	NA	NA	NA	NA	NA	NA	NA	NA	NA	NA	NA	NA	NA	NA	NA	NA	NA	NA	NA	NA	NA	NA	NA	NA	NA	NA	NA	NA	NA	NA	NA	NA	NA	NA	NA	NA	NA	NA	NA	NA	NA	NA	NA	NA	NA	NA	NA	NA	NA	NA	stage10e_r_20260801_085142	NA	NA	NA	NA	NA	NA	NA	NA	NA	NA	NA	NA	NA	NA	NA	NA	NA	NA	NA	NA	NA	B_morphology_landmark	0	FALSE	affine_landmarks	0.07690186	0.014107358	-43.56969	-0.0035221096	0.090503093	2.9641322	7.5275601	4.0643308	FALSE	geometry_only
