section	source_file	source_sha256	module_id	early_condition	late_condition	n_donors	effect	ci_low	ci_high	standardized_effect	p_value	lodo_sign_stability	max_absolute_donor_contribution	donor_ids	cohort	contrast	fdr	expected_discovery_effect	expected_direction	direction_concordant	strong_opposite	donor_robust	discovery_epithelial_state	evidence_hierarchy	GSE161277_normal_to_adenoma_effect	GSE161277_normal_to_adenoma_ci_low	GSE161277_normal_to_adenoma_ci_high	GSE161277_normal_to_adenoma_fdr	GSE161277_normal_to_adenoma_direction_concordant	GSE161277_normal_to_adenoma_lodo	GSE132465_normal_to_cancer_effect	GSE132465_normal_to_cancer_ci_low	GSE132465_normal_to_cancer_ci_high	GSE132465_normal_to_cancer_fdr	GSE132465_normal_to_cancer_direction_concordant	GSE132465_normal_to_cancer_lodo	epithelial_specificity_effect	epithelial_specificity_ci_low	epithelial_specificity_ci_high	epithelial_specificity_fdr	epithelial_specificity_positive	epithelial_specificity_lodo	strong_opposite_effect	replication_class	validation_gene_reselection	donor_id	difference	n_conditions
single_cell_effects	results_final/stage_7_replication_effects_all.tsv	043d4df61220dda88f7002ae29026d1b833e97f8cebf03c47a6e5a2de2ea7f29	Cycling_SB_M01	normal	adenoma	3	-0.42336159512059	-1.38022625730435	0.53350306706317	-1.09909848875144	0.197264339452006	1	0.580528697598265	Patient1;Patient2;Patient3	GSE161277	normal_to_adenoma	0.284444695163678	-1.04697392429299	-1	TRUE	FALSE	TRUE	NA	NA	NA	NA	NA	NA	NA	NA	NA	NA	NA	NA	NA	NA	NA	NA	NA	NA	NA	NA	NA	NA	NA	NA	NA	NA
single_cell_effects	results_final/stage_7_replication_effects_all.tsv	043d4df61220dda88f7002ae29026d1b833e97f8cebf03c47a6e5a2de2ea7f29	Cycling_SB_M02	normal	adenoma	3	0.244369473741394	-0.303519335720648	0.792258283203436	1.10797558708604	0.194976612318929	1	0.574346100584429	Patient1;Patient2;Patient3	GSE161277	normal_to_adenoma	0.284444695163678	1.0575094860934	1	TRUE	FALSE	TRUE	NA	NA	NA	NA	NA	NA	NA	NA	NA	NA	NA	NA	NA	NA	NA	NA	NA	NA	NA	NA	NA	NA	NA	NA	NA	NA
single_cell_effects	results_final/stage_7_replication_effects_all.tsv	043d4df61220dda88f7002ae29026d1b833e97f8cebf03c47a6e5a2de2ea7f29	Stem_progenitor_SB_M02	normal	adenoma	3	1.64533236894036	0.592406218166863	2.69825851971386	3.88178428567445	0.0214135805203572	1	0.407649926582166	Patient1;Patient2;Patient3	GSE161277	normal_to_adenoma	0.128481483122143	0.546438731152687	1	TRUE	FALSE	TRUE	NA	NA	NA	NA	NA	NA	NA	NA	NA	NA	NA	NA	NA	NA	NA	NA	NA	NA	NA	NA	NA	NA	NA	NA	NA	NA
single_cell_effects	results_final/stage_7_replication_effects_all.tsv	043d4df61220dda88f7002ae29026d1b833e97f8cebf03c47a6e5a2de2ea7f29	Stem_progenitor_SB_M10	normal	adenoma	3	0.296852914075654	-0.468372071011639	1.06207789916295	0.963668898780391	0.237037245969732	1	0.630104134667436	Patient1;Patient2;Patient3	GSE161277	normal_to_adenoma	0.284444695163678	0.842245692657102	1	TRUE	FALSE	TRUE	NA	NA	NA	NA	NA	NA	NA	NA	NA	NA	NA	NA	NA	NA	NA	NA	NA	NA	NA	NA	NA	NA	NA	NA	NA	NA
single_cell_effects	results_final/stage_7_replication_effects_all.tsv	043d4df61220dda88f7002ae29026d1b833e97f8cebf03c47a6e5a2de2ea7f29	Stem_progenitor_SB_M12	normal	adenoma	3	0.170337630096262	-0.550341858136689	0.891017118329213	0.58714329679316	0.416176205436284	1	0.67937257307464	Patient1;Patient2;Patient3	GSE161277	normal_to_adenoma	0.416176205436284	0.526840670420438	1	TRUE	FALSE	TRUE	NA	NA	NA	NA	NA	NA	NA	NA	NA	NA	NA	NA	NA	NA	NA	NA	NA	NA	NA	NA	NA	NA	NA	NA	NA	NA
single_cell_effects	results_final/stage_7_replication_effects_all.tsv	043d4df61220dda88f7002ae29026d1b833e97f8cebf03c47a6e5a2de2ea7f29	Stem_progenitor_SB_M16	normal	adenoma	3	0.853727013849376	-0.433455511515265	2.14090953921402	1.64761052053783	0.10398860468533	1	0.478620280472159	Patient1;Patient2;Patient3	GSE161277	normal_to_adenoma	0.284444695163678	0.85566391978458	1	TRUE	FALSE	TRUE	NA	NA	NA	NA	NA	NA	NA	NA	NA	NA	NA	NA	NA	NA	NA	NA	NA	NA	NA	NA	NA	NA	NA	NA	NA	NA
single_cell_effects	results_final/stage_7_replication_effects_all.tsv	043d4df61220dda88f7002ae29026d1b833e97f8cebf03c47a6e5a2de2ea7f29	Cycling_SB_M01	adenoma	cancer	3	-0.151264524969477	-0.902668815053301	0.600139765114347	-0.500079538918733	0.477706617380219	1	0.386216703395	Patient1;Patient2;Patient3	GSE161277	adenoma_to_cancer	0.573247940856263	-0.672432290084725	-1	TRUE	FALSE	TRUE	NA	NA	NA	NA	NA	NA	NA	NA	NA	NA	NA	NA	NA	NA	NA	NA	NA	NA	NA	NA	NA	NA	NA	NA	NA	NA
single_cell_effects	results_final/stage_7_replication_effects_all.tsv	043d4df61220dda88f7002ae29026d1b833e97f8cebf03c47a6e5a2de2ea7f29	Cycling_SB_M02	adenoma	cancer	3	-0.00331755225706737	-0.36661384799382	0.359978743479685	-0.0226846702517858	0.972227782950025	0.333333333333333	0.485113922609026	Patient1;Patient2;Patient3	GSE161277	adenoma_to_cancer	0.972227782950025	0.217853200744972	1	FALSE	FALSE	FALSE	NA	NA	NA	NA	NA	NA	NA	NA	NA	NA	NA	NA	NA	NA	NA	NA	NA	NA	NA	NA	NA	NA	NA	NA	NA	NA
single_cell_effects	results_final/stage_7_replication_effects_all.tsv	043d4df61220dda88f7002ae29026d1b833e97f8cebf03c47a6e5a2de2ea7f29	Stem_progenitor_SB_M02	adenoma	cancer	3	-0.462406410760226	-0.992817540341343	0.0680047188208916	-2.16564310034697	0.0642945302790401	1	0.506519726626216	Patient1;Patient2;Patient3	GSE161277	adenoma_to_cancer	0.385767181674241	0.241587098000121	1	FALSE	FALSE	TRUE	NA	NA	NA	NA	NA	NA	NA	NA	NA	NA	NA	NA	NA	NA	NA	NA	NA	NA	NA	NA	NA	NA	NA	NA	NA	NA
single_cell_effects	results_final/stage_7_replication_effects_all.tsv	043d4df61220dda88f7002ae29026d1b833e97f8cebf03c47a6e5a2de2ea7f29	Stem_progenitor_SB_M10	adenoma	cancer	3	-0.0832141055765777	-0.290741415431211	0.124313204278056	-0.996087203930643	0.226619946695219	1	0.570565049882877	Patient1;Patient2;Patient3	GSE161277	adenoma_to_cancer	0.453239893390438	-0.0540229984053811	-1	TRUE	FALSE	TRUE	NA	NA	NA	NA	NA	NA	NA	NA	NA	NA	NA	NA	NA	NA	NA	NA	NA	NA	NA	NA	NA	NA	NA	NA	NA	NA
single_cell_effects	results_final/stage_7_replication_effects_all.tsv	043d4df61220dda88f7002ae29026d1b833e97f8cebf03c47a6e5a2de2ea7f29	Stem_progenitor_SB_M12	adenoma	cancer	3	-0.360600571674837	-1.25730481440883	0.536103671059159	-0.998970938561646	0.22572246928439	1	0.700657176379896	Patient1;Patient2;Patient3	GSE161277	adenoma_to_cancer	0.453239893390438	0.216085921028096	1	FALSE	FALSE	TRUE	NA	NA	NA	NA	NA	NA	NA	NA	NA	NA	NA	NA	NA	NA	NA	NA	NA	NA	NA	NA	NA	NA	NA	NA	NA	NA
single_cell_effects	results_final/stage_7_replication_effects_all.tsv	043d4df61220dda88f7002ae29026d1b833e97f8cebf03c47a6e5a2de2ea7f29	Stem_progenitor_SB_M16	adenoma	cancer	3	0.181941019700017	-0.394237072527077	0.75811911192711	0.784421612776253	0.307199392397762	1	0.605632907481542	Patient1;Patient2;Patient3	GSE161277	adenoma_to_cancer	0.460799088596644	0.689460818442434	1	TRUE	FALSE	TRUE	NA	NA	NA	NA	NA	NA	NA	NA	NA	NA	NA	NA	NA	NA	NA	NA	NA	NA	NA	NA	NA	NA	NA	NA	NA	NA
single_cell_effects	results_final/stage_7_replication_effects_all.tsv	043d4df61220dda88f7002ae29026d1b833e97f8cebf03c47a6e5a2de2ea7f29	Cycling_SB_M01	normal	cancer	3	-0.574626120090067	-1.24987952918064	0.10062728900051	-2.11394773555454	0.0671639005304438	1	0.49901737608779	Patient1;Patient2;Patient3	GSE161277	normal_to_cancer	0.182412794089673	-1.71940621437771	-1	TRUE	FALSE	TRUE	NA	NA	NA	NA	NA	NA	NA	NA	NA	NA	NA	NA	NA	NA	NA	NA	NA	NA	NA	NA	NA	NA	NA	NA	NA	NA
single_cell_effects	results_final/stage_7_replication_effects_all.tsv	043d4df61220dda88f7002ae29026d1b833e97f8cebf03c47a6e5a2de2ea7f29	Cycling_SB_M02	normal	cancer	3	0.241051921484327	-0.541147787160117	1.02325163012877	0.765541283167735	0.316022856834512	1	0.49492541818411	Patient1;Patient2;Patient3	GSE161277	normal_to_cancer	0.34485540858328	1.27536268683837	1	TRUE	FALSE	TRUE	NA	NA	NA	NA	NA	NA	NA	NA	NA	NA	NA	NA	NA	NA	NA	NA	NA	NA	NA	NA	NA	NA	NA	NA	NA	NA
single_cell_effects	results_final/stage_7_replication_effects_all.tsv	043d4df61220dda88f7002ae29026d1b833e97f8cebf03c47a6e5a2de2ea7f29	Stem_progenitor_SB_M02	normal	cancer	3	1.18292595818014	0.322482657384141	2.04336925897614	3.41515934891377	0.0274100322911891	1	0.408086288462543	Patient1;Patient2;Patient3	GSE161277	normal_to_cancer	0.164460193747135	0.788025829152807	1	TRUE	FALSE	TRUE	NA	NA	NA	NA	NA	NA	NA	NA	NA	NA	NA	NA	NA	NA	NA	NA	NA	NA	NA	NA	NA	NA	NA	NA	NA	NA
single_cell_effects	results_final/stage_7_replication_effects_all.tsv	043d4df61220dda88f7002ae29026d1b833e97f8cebf03c47a6e5a2de2ea7f29	Stem_progenitor_SB_M10	normal	cancer	3	0.213638808499077	-0.535911478912902	0.963189095911056	0.708035511157462	0.34485540858328	1	0.486497024351291	Patient1;Patient2;Patient3	GSE161277	normal_to_cancer	0.34485540858328	0.788222694251721	1	TRUE	FALSE	TRUE	NA	NA	NA	NA	NA	NA	NA	NA	NA	NA	NA	NA	NA	NA	NA	NA	NA	NA	NA	NA	NA	NA	NA	NA	NA	NA
single_cell_effects	results_final/stage_7_replication_effects_all.tsv	043d4df61220dda88f7002ae29026d1b833e97f8cebf03c47a6e5a2de2ea7f29	Stem_progenitor_SB_M12	normal	cancer	3	-0.190262941578575	-0.773831663960144	0.393305780802994	-0.80991206381834	0.295761712697177	1	0.508708089931949	Patient1;Patient2;Patient3	GSE161277	normal_to_cancer	0.34485540858328	0.742926591448534	1	FALSE	FALSE	TRUE	NA	NA	NA	NA	NA	NA	NA	NA	NA	NA	NA	NA	NA	NA	NA	NA	NA	NA	NA	NA	NA	NA	NA	NA	NA	NA
single_cell_effects	results_final/stage_7_replication_effects_all.tsv	043d4df61220dda88f7002ae29026d1b833e97f8cebf03c47a6e5a2de2ea7f29	Stem_progenitor_SB_M16	normal	cancer	3	1.03566803354939	-0.410999527293041	2.48233559439183	1.77839200147418	0.0912063970448367	1	0.524192464233203	Patient1;Patient2;Patient3	GSE161277	normal_to_cancer	0.182412794089673	1.54512473822701	1	TRUE	FALSE	TRUE	NA	NA	NA	NA	NA	NA	NA	NA	NA	NA	NA	NA	NA	NA	NA	NA	NA	NA	NA	NA	NA	NA	NA	NA	NA	NA
single_cell_effects	results_final/stage_7_replication_effects_all.tsv	043d4df61220dda88f7002ae29026d1b833e97f8cebf03c47a6e5a2de2ea7f29	Cycling_SB_M01	normal	cancer	8	-0.773102298641274	-1.17757314288506	-0.368631454397486	-1.5979636243807	0.00273305418828985	1	0.161279889382384	SMC01;SMC02;SMC03;SMC04;SMC06;SMC07;SMC09;SMC10	GSE132465	normal_to_cancer	0.00327966502594782	-1.71940621437771	-1	TRUE	FALSE	TRUE	NA	NA	NA	NA	NA	NA	NA	NA	NA	NA	NA	NA	NA	NA	NA	NA	NA	NA	NA	NA	NA	NA	NA	NA	NA	NA
single_cell_effects	results_final/stage_7_replication_effects_all.tsv	043d4df61220dda88f7002ae29026d1b833e97f8cebf03c47a6e5a2de2ea7f29	Cycling_SB_M02	normal	cancer	8	0.445051916293867	0.346076716967382	0.544027115620353	3.75925197185738	1.42570879709513e-05	1	0.172383704872083	SMC01;SMC02;SMC03;SMC04;SMC06;SMC07;SMC09;SMC10	GSE132465	normal_to_cancer	8.55425278257077e-05	1.27536268683837	1	TRUE	FALSE	TRUE	NA	NA	NA	NA	NA	NA	NA	NA	NA	NA	NA	NA	NA	NA	NA	NA	NA	NA	NA	NA	NA	NA	NA	NA	NA	NA
single_cell_effects	results_final/stage_7_replication_effects_all.tsv	043d4df61220dda88f7002ae29026d1b833e97f8cebf03c47a6e5a2de2ea7f29	Stem_progenitor_SB_M02	normal	cancer	8	1.05599064921351	0.722076522690608	1.38990477573642	2.64388417759043	0.000139867864398206	1	0.170559940153048	SMC01;SMC02;SMC03;SMC04;SMC06;SMC07;SMC09;SMC10	GSE132465	normal_to_cancer	0.000419603593194617	0.788025829152807	1	TRUE	FALSE	TRUE	NA	NA	NA	NA	NA	NA	NA	NA	NA	NA	NA	NA	NA	NA	NA	NA	NA	NA	NA	NA	NA	NA	NA	NA	NA	NA
single_cell_effects	results_final/stage_7_replication_effects_all.tsv	043d4df61220dda88f7002ae29026d1b833e97f8cebf03c47a6e5a2de2ea7f29	Stem_progenitor_SB_M10	normal	cancer	8	0.373017397325321	0.23545980917665	0.510574985473992	2.26705303933351	0.000363048450183957	1	0.204782738390776	SMC01;SMC02;SMC03;SMC04;SMC06;SMC07;SMC09;SMC10	GSE132465	normal_to_cancer	0.000544572675275935	0.788222694251721	1	TRUE	FALSE	TRUE	NA	NA	NA	NA	NA	NA	NA	NA	NA	NA	NA	NA	NA	NA	NA	NA	NA	NA	NA	NA	NA	NA	NA	NA	NA	NA
single_cell_effects	results_final/stage_7_replication_effects_all.tsv	043d4df61220dda88f7002ae29026d1b833e97f8cebf03c47a6e5a2de2ea7f29	Stem_progenitor_SB_M12	normal	cancer	8	-0.13366061944847	-0.328416855036436	0.0610956161394966	-0.573758647159908	0.148654370138722	1	0.248352703315006	SMC01;SMC02;SMC03;SMC04;SMC06;SMC07;SMC09;SMC10	GSE132465	normal_to_cancer	0.148654370138722	0.742926591448534	1	FALSE	FALSE	TRUE	NA	NA	NA	NA	NA	NA	NA	NA	NA	NA	NA	NA	NA	NA	NA	NA	NA	NA	NA	NA	NA	NA	NA	NA	NA	NA
single_cell_effects	results_final/stage_7_replication_effects_all.tsv	043d4df61220dda88f7002ae29026d1b833e97f8cebf03c47a6e5a2de2ea7f29	Stem_progenitor_SB_M16	normal	cancer	8	0.915719366119924	0.587588519202304	1.24385021303754	2.3330953356237	0.000304592567360003	1	0.187492229475173	SMC01;SMC02;SMC03;SMC04;SMC06;SMC07;SMC09;SMC10	GSE132465	normal_to_cancer	0.000544572675275935	1.54512473822701	1	TRUE	FALSE	TRUE	NA	NA	NA	NA	NA	NA	NA	NA	NA	NA	NA	NA	NA	NA	NA	NA	NA	NA	NA	NA	NA	NA	NA	NA	NA	NA
single_cell_effects	results_final/stage_7_replication_effects_all.tsv	043d4df61220dda88f7002ae29026d1b833e97f8cebf03c47a6e5a2de2ea7f29	Cycling_SB_M01	median_non_epithelial	epithelial	23	0.487584786623405	0.390301192285786	0.584868380961025	2.16734871246883	5.94593775346303e-10	1	0.0983066148242459	SMC01;SMC02;SMC03;SMC04;SMC05;SMC06;SMC07;SMC08;SMC09;SMC10;SMC11;SMC14;SMC15;SMC16;SMC17;SMC18;SMC19;SMC20;SMC21;SMC22;SMC23;SMC24;SMC25	GSE132465	epithelial_specificity	8.91890663019455e-10	1	1	TRUE	FALSE	TRUE	NA	NA	NA	NA	NA	NA	NA	NA	NA	NA	NA	NA	NA	NA	NA	NA	NA	NA	NA	NA	NA	NA	NA	NA	NA	NA
single_cell_effects	results_final/stage_7_replication_effects_all.tsv	043d4df61220dda88f7002ae29026d1b833e97f8cebf03c47a6e5a2de2ea7f29	Cycling_SB_M02	median_non_epithelial	epithelial	23	0.522886119129734	0.458605207622644	0.587167030636825	3.51757479076283	4.52001357049618e-14	1	0.0708918600938374	SMC01;SMC02;SMC03;SMC04;SMC05;SMC06;SMC07;SMC08;SMC09;SMC10;SMC11;SMC14;SMC15;SMC16;SMC17;SMC18;SMC19;SMC20;SMC21;SMC22;SMC23;SMC24;SMC25	GSE132465	epithelial_specificity	2.71200814229771e-13	1	1	TRUE	FALSE	TRUE	NA	NA	NA	NA	NA	NA	NA	NA	NA	NA	NA	NA	NA	NA	NA	NA	NA	NA	NA	NA	NA	NA	NA	NA	NA	NA
single_cell_effects	results_final/stage_7_replication_effects_all.tsv	043d4df61220dda88f7002ae29026d1b833e97f8cebf03c47a6e5a2de2ea7f29	Stem_progenitor_SB_M02	median_non_epithelial	epithelial	23	0.581356338104338	0.44068748441337	0.722025191795307	1.78715704280472	1.84501905897677e-08	1	0.0855490551617365	SMC01;SMC02;SMC03;SMC04;SMC05;SMC06;SMC07;SMC08;SMC09;SMC10;SMC11;SMC14;SMC15;SMC16;SMC17;SMC18;SMC19;SMC20;SMC21;SMC22;SMC23;SMC24;SMC25	GSE132465	epithelial_specificity	1.84501905897677e-08	1	1	TRUE	FALSE	TRUE	NA	NA	NA	NA	NA	NA	NA	NA	NA	NA	NA	NA	NA	NA	NA	NA	NA	NA	NA	NA	NA	NA	NA	NA	NA	NA
single_cell_effects	results_final/stage_7_replication_effects_all.tsv	043d4df61220dda88f7002ae29026d1b833e97f8cebf03c47a6e5a2de2ea7f29	Stem_progenitor_SB_M10	median_non_epithelial	epithelial	23	0.449147120419152	0.387829656466601	0.510464584371703	3.16754423788555	3.80705431902361e-13	1	0.0763584003277088	SMC01;SMC02;SMC03;SMC04;SMC05;SMC06;SMC07;SMC08;SMC09;SMC10;SMC11;SMC14;SMC15;SMC16;SMC17;SMC18;SMC19;SMC20;SMC21;SMC22;SMC23;SMC24;SMC25	GSE132465	epithelial_specificity	1.14211629570708e-12	1	1	TRUE	FALSE	TRUE	NA	NA	NA	NA	NA	NA	NA	NA	NA	NA	NA	NA	NA	NA	NA	NA	NA	NA	NA	NA	NA	NA	NA	NA	NA	NA
single_cell_effects	results_final/stage_7_replication_effects_all.tsv	043d4df61220dda88f7002ae29026d1b833e97f8cebf03c47a6e5a2de2ea7f29	Stem_progenitor_SB_M12	median_non_epithelial	epithelial	23	0.321234786737854	0.252372650562464	0.390096922913245	2.01725282380541	2.19701549004053e-09	1	0.0801789315890683	SMC01;SMC02;SMC03;SMC04;SMC05;SMC06;SMC07;SMC08;SMC09;SMC10;SMC11;SMC14;SMC15;SMC16;SMC17;SMC18;SMC19;SMC20;SMC21;SMC22;SMC23;SMC24;SMC25	GSE132465	epithelial_specificity	2.63641858804864e-09	1	1	TRUE	FALSE	TRUE	NA	NA	NA	NA	NA	NA	NA	NA	NA	NA	NA	NA	NA	NA	NA	NA	NA	NA	NA	NA	NA	NA	NA	NA	NA	NA
single_cell_effects	results_final/stage_7_replication_effects_all.tsv	043d4df61220dda88f7002ae29026d1b833e97f8cebf03c47a6e5a2de2ea7f29	Stem_progenitor_SB_M16	median_non_epithelial	epithelial	23	0.649280419688797	0.535047544202967	0.763513295174628	2.45787306739734	5.59821736739122e-11	1	0.0666082487647183	SMC01;SMC02;SMC03;SMC04;SMC05;SMC06;SMC07;SMC08;SMC09;SMC10;SMC11;SMC14;SMC15;SMC16;SMC17;SMC18;SMC19;SMC20;SMC21;SMC22;SMC23;SMC24;SMC25	GSE132465	epithelial_specificity	1.11964347347824e-10	1	1	TRUE	FALSE	TRUE	NA	NA	NA	NA	NA	NA	NA	NA	NA	NA	NA	NA	NA	NA	NA	NA	NA	NA	NA	NA	NA	NA	NA	NA	NA	NA
replication_summary	results_final/stage_7_replication_summary.tsv	656f8544d068c3c853a71bb950171a238abffee4a3b5b186a5b608c55b087ad5	Cycling_SB_M01	NA	NA	NA	NA	NA	NA	NA	NA	NA	NA	NA	NA	NA	NA	NA	NA	NA	NA	TRUE	Cycling	secondary_exploratory_locked_module	-0.42336159512059	-1.38022625730435	0.53350306706317	0.284444695163678	TRUE	1	-0.773102298641274	-1.17757314288506	-0.368631454397486	0.00327966502594782	TRUE	1	0.487584786623405	0.390301192285786	0.584868380961025	8.91890663019455e-10	TRUE	1	FALSE	replicated	FALSE	NA	NA	NA
replication_summary	results_final/stage_7_replication_summary.tsv	656f8544d068c3c853a71bb950171a238abffee4a3b5b186a5b608c55b087ad5	Cycling_SB_M02	NA	NA	NA	NA	NA	NA	NA	NA	NA	NA	NA	NA	NA	NA	NA	NA	NA	NA	TRUE	Cycling	secondary_exploratory_locked_module	0.244369473741394	-0.303519335720648	0.792258283203436	0.284444695163678	TRUE	1	0.445051916293867	0.346076716967382	0.544027115620353	8.55425278257077e-05	TRUE	1	0.522886119129734	0.458605207622644	0.587167030636825	2.71200814229771e-13	TRUE	1	FALSE	replicated	FALSE	NA	NA	NA
replication_summary	results_final/stage_7_replication_summary.tsv	656f8544d068c3c853a71bb950171a238abffee4a3b5b186a5b608c55b087ad5	Stem_progenitor_SB_M02	NA	NA	NA	NA	NA	NA	NA	NA	NA	NA	NA	NA	NA	NA	NA	NA	NA	NA	TRUE	Stem_progenitor	secondary_exploratory_locked_module	1.64533236894036	0.592406218166863	2.69825851971386	0.128481483122143	TRUE	1	1.05599064921351	0.722076522690608	1.38990477573642	0.000419603593194617	TRUE	1	0.581356338104338	0.44068748441337	0.722025191795307	1.84501905897677e-08	TRUE	1	FALSE	replicated	FALSE	NA	NA	NA
replication_summary	results_final/stage_7_replication_summary.tsv	656f8544d068c3c853a71bb950171a238abffee4a3b5b186a5b608c55b087ad5	Stem_progenitor_SB_M10	NA	NA	NA	NA	NA	NA	NA	NA	NA	NA	NA	NA	NA	NA	NA	NA	NA	NA	TRUE	Stem_progenitor	secondary_exploratory_locked_module	0.296852914075654	-0.468372071011639	1.06207789916295	0.284444695163678	TRUE	1	0.373017397325321	0.23545980917665	0.510574985473992	0.000544572675275935	TRUE	1	0.449147120419152	0.387829656466601	0.510464584371703	1.14211629570708e-12	TRUE	1	FALSE	replicated	FALSE	NA	NA	NA
replication_summary	results_final/stage_7_replication_summary.tsv	656f8544d068c3c853a71bb950171a238abffee4a3b5b186a5b608c55b087ad5	Stem_progenitor_SB_M12	NA	NA	NA	NA	NA	NA	NA	NA	NA	NA	NA	NA	NA	NA	NA	NA	NA	NA	TRUE	Stem_progenitor	secondary_exploratory_locked_module	0.170337630096262	-0.550341858136689	0.891017118329213	0.416176205436284	TRUE	1	-0.13366061944847	-0.328416855036436	0.0610956161394966	0.148654370138722	FALSE	1	0.321234786737854	0.252372650562464	0.390096922913245	2.63641858804864e-09	TRUE	1	FALSE	directionally consistent but underpowered	FALSE	NA	NA	NA
replication_summary	results_final/stage_7_replication_summary.tsv	656f8544d068c3c853a71bb950171a238abffee4a3b5b186a5b608c55b087ad5	Stem_progenitor_SB_M16	NA	NA	NA	NA	NA	NA	NA	NA	NA	NA	NA	NA	NA	NA	NA	NA	NA	NA	TRUE	Stem_progenitor	secondary_exploratory_locked_module	0.853727013849376	-0.433455511515265	2.14090953921402	0.284444695163678	TRUE	1	0.915719366119924	0.587588519202304	1.24385021303754	0.000544572675275935	TRUE	1	0.649280419688797	0.535047544202967	0.763513295174628	1.11964347347824e-10	TRUE	1	FALSE	replicated	FALSE	NA	NA	NA
epithelial_specificity	results_final/stage_7_epithelial_specificity_donor_differences.tsv	48d48e987ea4cfe67d477ccf4c5bf7db2bee26bc4b9c612b9db2edd56764bb13	Cycling_SB_M01	NA	NA	NA	NA	NA	NA	NA	NA	NA	NA	NA	GSE132465	epithelial_specificity	NA	NA	NA	NA	NA	NA	NA	NA	NA	NA	NA	NA	NA	NA	NA	NA	NA	NA	NA	NA	NA	NA	NA	NA	NA	NA	NA	NA	NA	SMC01	0.771539537212571	2
epithelial_specificity	results_final/stage_7_epithelial_specificity_donor_differences.tsv	48d48e987ea4cfe67d477ccf4c5bf7db2bee26bc4b9c612b9db2edd56764bb13	Cycling_SB_M01	NA	NA	NA	NA	NA	NA	NA	NA	NA	NA	NA	GSE132465	epithelial_specificity	NA	NA	NA	NA	NA	NA	NA	NA	NA	NA	NA	NA	NA	NA	NA	NA	NA	NA	NA	NA	NA	NA	NA	NA	NA	NA	NA	NA	NA	SMC02	0.668199571660936	2
epithelial_specificity	results_final/stage_7_epithelial_specificity_donor_differences.tsv	48d48e987ea4cfe67d477ccf4c5bf7db2bee26bc4b9c612b9db2edd56764bb13	Cycling_SB_M01	NA	NA	NA	NA	NA	NA	NA	NA	NA	NA	NA	GSE132465	epithelial_specificity	NA	NA	NA	NA	NA	NA	NA	NA	NA	NA	NA	NA	NA	NA	NA	NA	NA	NA	NA	NA	NA	NA	NA	NA	NA	NA	NA	NA	NA	SMC03	0.56343573184305	2
epithelial_specificity	results_final/stage_7_epithelial_specificity_donor_differences.tsv	48d48e987ea4cfe67d477ccf4c5bf7db2bee26bc4b9c612b9db2edd56764bb13	Cycling_SB_M01	NA	NA	NA	NA	NA	NA	NA	NA	NA	NA	NA	GSE132465	epithelial_specificity	NA	NA	NA	NA	NA	NA	NA	NA	NA	NA	NA	NA	NA	NA	NA	NA	NA	NA	NA	NA	NA	NA	NA	NA	NA	NA	NA	NA	NA	SMC04	0.673609089578778	2
epithelial_specificity	results_final/stage_7_epithelial_specificity_donor_differences.tsv	48d48e987ea4cfe67d477ccf4c5bf7db2bee26bc4b9c612b9db2edd56764bb13	Cycling_SB_M01	NA	NA	NA	NA	NA	NA	NA	NA	NA	NA	NA	GSE132465	epithelial_specificity	NA	NA	NA	NA	NA	NA	NA	NA	NA	NA	NA	NA	NA	NA	NA	NA	NA	NA	NA	NA	NA	NA	NA	NA	NA	NA	NA	NA	NA	SMC05	1.10245462569323	1
epithelial_specificity	results_final/stage_7_epithelial_specificity_donor_differences.tsv	48d48e987ea4cfe67d477ccf4c5bf7db2bee26bc4b9c612b9db2edd56764bb13	Cycling_SB_M01	NA	NA	NA	NA	NA	NA	NA	NA	NA	NA	NA	GSE132465	epithelial_specificity	NA	NA	NA	NA	NA	NA	NA	NA	NA	NA	NA	NA	NA	NA	NA	NA	NA	NA	NA	NA	NA	NA	NA	NA	NA	NA	NA	NA	NA	SMC06	0.324908606319023	2
epithelial_specificity	results_final/stage_7_epithelial_specificity_donor_differences.tsv	48d48e987ea4cfe67d477ccf4c5bf7db2bee26bc4b9c612b9db2edd56764bb13	Cycling_SB_M01	NA	NA	NA	NA	NA	NA	NA	NA	NA	NA	NA	GSE132465	epithelial_specificity	NA	NA	NA	NA	NA	NA	NA	NA	NA	NA	NA	NA	NA	NA	NA	NA	NA	NA	NA	NA	NA	NA	NA	NA	NA	NA	NA	NA	NA	SMC07	0.577988556304488	2
epithelial_specificity	results_final/stage_7_epithelial_specificity_donor_differences.tsv	48d48e987ea4cfe67d477ccf4c5bf7db2bee26bc4b9c612b9db2edd56764bb13	Cycling_SB_M01	NA	NA	NA	NA	NA	NA	NA	NA	NA	NA	NA	GSE132465	epithelial_specificity	NA	NA	NA	NA	NA	NA	NA	NA	NA	NA	NA	NA	NA	NA	NA	NA	NA	NA	NA	NA	NA	NA	NA	NA	NA	NA	NA	NA	NA	SMC08	0.281166472316681	1
epithelial_specificity	results_final/stage_7_epithelial_specificity_donor_differences.tsv	48d48e987ea4cfe67d477ccf4c5bf7db2bee26bc4b9c612b9db2edd56764bb13	Cycling_SB_M01	NA	NA	NA	NA	NA	NA	NA	NA	NA	NA	NA	GSE132465	epithelial_specificity	NA	NA	NA	NA	NA	NA	NA	NA	NA	NA	NA	NA	NA	NA	NA	NA	NA	NA	NA	NA	NA	NA	NA	NA	NA	NA	NA	NA	NA	SMC09	0.676730170166414	2
epithelial_specificity	results_final/stage_7_epithelial_specificity_donor_differences.tsv	48d48e987ea4cfe67d477ccf4c5bf7db2bee26bc4b9c612b9db2edd56764bb13	Cycling_SB_M01	NA	NA	NA	NA	NA	NA	NA	NA	NA	NA	NA	GSE132465	epithelial_specificity	NA	NA	NA	NA	NA	NA	NA	NA	NA	NA	NA	NA	NA	NA	NA	NA	NA	NA	NA	NA	NA	NA	NA	NA	NA	NA	NA	NA	NA	SMC10	0.599143578036847	2
epithelial_specificity	results_final/stage_7_epithelial_specificity_donor_differences.tsv	48d48e987ea4cfe67d477ccf4c5bf7db2bee26bc4b9c612b9db2edd56764bb13	Cycling_SB_M01	NA	NA	NA	NA	NA	NA	NA	NA	NA	NA	NA	GSE132465	epithelial_specificity	NA	NA	NA	NA	NA	NA	NA	NA	NA	NA	NA	NA	NA	NA	NA	NA	NA	NA	NA	NA	NA	NA	NA	NA	NA	NA	NA	NA	NA	SMC11	0.209087742992702	1
epithelial_specificity	results_final/stage_7_epithelial_specificity_donor_differences.tsv	48d48e987ea4cfe67d477ccf4c5bf7db2bee26bc4b9c612b9db2edd56764bb13	Cycling_SB_M01	NA	NA	NA	NA	NA	NA	NA	NA	NA	NA	NA	GSE132465	epithelial_specificity	NA	NA	NA	NA	NA	NA	NA	NA	NA	NA	NA	NA	NA	NA	NA	NA	NA	NA	NA	NA	NA	NA	NA	NA	NA	NA	NA	NA	NA	SMC14	0.090219021083731	1
epithelial_specificity	results_final/stage_7_epithelial_specificity_donor_differences.tsv	48d48e987ea4cfe67d477ccf4c5bf7db2bee26bc4b9c612b9db2edd56764bb13	Cycling_SB_M01	NA	NA	NA	NA	NA	NA	NA	NA	NA	NA	NA	GSE132465	epithelial_specificity	NA	NA	NA	NA	NA	NA	NA	NA	NA	NA	NA	NA	NA	NA	NA	NA	NA	NA	NA	NA	NA	NA	NA	NA	NA	NA	NA	NA	NA	SMC15	0.524247307667993	1
epithelial_specificity	results_final/stage_7_epithelial_specificity_donor_differences.tsv	48d48e987ea4cfe67d477ccf4c5bf7db2bee26bc4b9c612b9db2edd56764bb13	Cycling_SB_M01	NA	NA	NA	NA	NA	NA	NA	NA	NA	NA	NA	GSE132465	epithelial_specificity	NA	NA	NA	NA	NA	NA	NA	NA	NA	NA	NA	NA	NA	NA	NA	NA	NA	NA	NA	NA	NA	NA	NA	NA	NA	NA	NA	NA	NA	SMC16	0.460439632870997	1
epithelial_specificity	results_final/stage_7_epithelial_specificity_donor_differences.tsv	48d48e987ea4cfe67d477ccf4c5bf7db2bee26bc4b9c612b9db2edd56764bb13	Cycling_SB_M01	NA	NA	NA	NA	NA	NA	NA	NA	NA	NA	NA	GSE132465	epithelial_specificity	NA	NA	NA	NA	NA	NA	NA	NA	NA	NA	NA	NA	NA	NA	NA	NA	NA	NA	NA	NA	NA	NA	NA	NA	NA	NA	NA	NA	NA	SMC17	0.26366564931805	1
epithelial_specificity	results_final/stage_7_epithelial_specificity_donor_differences.tsv	48d48e987ea4cfe67d477ccf4c5bf7db2bee26bc4b9c612b9db2edd56764bb13	Cycling_SB_M01	NA	NA	NA	NA	NA	NA	NA	NA	NA	NA	NA	GSE132465	epithelial_specificity	NA	NA	NA	NA	NA	NA	NA	NA	NA	NA	NA	NA	NA	NA	NA	NA	NA	NA	NA	NA	NA	NA	NA	NA	NA	NA	NA	NA	NA	SMC18	0.489100182762281	1
epithelial_specificity	results_final/stage_7_epithelial_specificity_donor_differences.tsv	48d48e987ea4cfe67d477ccf4c5bf7db2bee26bc4b9c612b9db2edd56764bb13	Cycling_SB_M01	NA	NA	NA	NA	NA	NA	NA	NA	NA	NA	NA	GSE132465	epithelial_specificity	NA	NA	NA	NA	NA	NA	NA	NA	NA	NA	NA	NA	NA	NA	NA	NA	NA	NA	NA	NA	NA	NA	NA	NA	NA	NA	NA	NA	NA	SMC19	0.595277501885698	1
epithelial_specificity	results_final/stage_7_epithelial_specificity_donor_differences.tsv	48d48e987ea4cfe67d477ccf4c5bf7db2bee26bc4b9c612b9db2edd56764bb13	Cycling_SB_M01	NA	NA	NA	NA	NA	NA	NA	NA	NA	NA	NA	GSE132465	epithelial_specificity	NA	NA	NA	NA	NA	NA	NA	NA	NA	NA	NA	NA	NA	NA	NA	NA	NA	NA	NA	NA	NA	NA	NA	NA	NA	NA	NA	NA	NA	SMC20	0.144219511575778	1
epithelial_specificity	results_final/stage_7_epithelial_specificity_donor_differences.tsv	48d48e987ea4cfe67d477ccf4c5bf7db2bee26bc4b9c612b9db2edd56764bb13	Cycling_SB_M01	NA	NA	NA	NA	NA	NA	NA	NA	NA	NA	NA	GSE132465	epithelial_specificity	NA	NA	NA	NA	NA	NA	NA	NA	NA	NA	NA	NA	NA	NA	NA	NA	NA	NA	NA	NA	NA	NA	NA	NA	NA	NA	NA	NA	NA	SMC21	0.479952690562281	1
epithelial_specificity	results_final/stage_7_epithelial_specificity_donor_differences.tsv	48d48e987ea4cfe67d477ccf4c5bf7db2bee26bc4b9c612b9db2edd56764bb13	Cycling_SB_M01	NA	NA	NA	NA	NA	NA	NA	NA	NA	NA	NA	GSE132465	epithelial_specificity	NA	NA	NA	NA	NA	NA	NA	NA	NA	NA	NA	NA	NA	NA	NA	NA	NA	NA	NA	NA	NA	NA	NA	NA	NA	NA	NA	NA	NA	SMC22	0.429173877683762	1
epithelial_specificity	results_final/stage_7_epithelial_specificity_donor_differences.tsv	48d48e987ea4cfe67d477ccf4c5bf7db2bee26bc4b9c612b9db2edd56764bb13	Cycling_SB_M01	NA	NA	NA	NA	NA	NA	NA	NA	NA	NA	NA	GSE132465	epithelial_specificity	NA	NA	NA	NA	NA	NA	NA	NA	NA	NA	NA	NA	NA	NA	NA	NA	NA	NA	NA	NA	NA	NA	NA	NA	NA	NA	NA	NA	NA	SMC23	0.394778239004691	1
epithelial_specificity	results_final/stage_7_epithelial_specificity_donor_differences.tsv	48d48e987ea4cfe67d477ccf4c5bf7db2bee26bc4b9c612b9db2edd56764bb13	Cycling_SB_M01	NA	NA	NA	NA	NA	NA	NA	NA	NA	NA	NA	GSE132465	epithelial_specificity	NA	NA	NA	NA	NA	NA	NA	NA	NA	NA	NA	NA	NA	NA	NA	NA	NA	NA	NA	NA	NA	NA	NA	NA	NA	NA	NA	NA	NA	SMC24	0.338408746701518	1
epithelial_specificity	results_final/stage_7_epithelial_specificity_donor_differences.tsv	48d48e987ea4cfe67d477ccf4c5bf7db2bee26bc4b9c612b9db2edd56764bb13	Cycling_SB_M01	NA	NA	NA	NA	NA	NA	NA	NA	NA	NA	NA	GSE132465	epithelial_specificity	NA	NA	NA	NA	NA	NA	NA	NA	NA	NA	NA	NA	NA	NA	NA	NA	NA	NA	NA	NA	NA	NA	NA	NA	NA	NA	NA	NA	NA	SMC25	0.556704049096819	1
epithelial_specificity	results_final/stage_7_epithelial_specificity_donor_differences.tsv	48d48e987ea4cfe67d477ccf4c5bf7db2bee26bc4b9c612b9db2edd56764bb13	Cycling_SB_M02	NA	NA	NA	NA	NA	NA	NA	NA	NA	NA	NA	GSE132465	epithelial_specificity	NA	NA	NA	NA	NA	NA	NA	NA	NA	NA	NA	NA	NA	NA	NA	NA	NA	NA	NA	NA	NA	NA	NA	NA	NA	NA	NA	NA	NA	SMC01	0.480414825046116	2
epithelial_specificity	results_final/stage_7_epithelial_specificity_donor_differences.tsv	48d48e987ea4cfe67d477ccf4c5bf7db2bee26bc4b9c612b9db2edd56764bb13	Cycling_SB_M02	NA	NA	NA	NA	NA	NA	NA	NA	NA	NA	NA	GSE132465	epithelial_specificity	NA	NA	NA	NA	NA	NA	NA	NA	NA	NA	NA	NA	NA	NA	NA	NA	NA	NA	NA	NA	NA	NA	NA	NA	NA	NA	NA	NA	NA	SMC02	0.499982657207377	2
epithelial_specificity	results_final/stage_7_epithelial_specificity_donor_differences.tsv	48d48e987ea4cfe67d477ccf4c5bf7db2bee26bc4b9c612b9db2edd56764bb13	Cycling_SB_M02	NA	NA	NA	NA	NA	NA	NA	NA	NA	NA	NA	GSE132465	epithelial_specificity	NA	NA	NA	NA	NA	NA	NA	NA	NA	NA	NA	NA	NA	NA	NA	NA	NA	NA	NA	NA	NA	NA	NA	NA	NA	NA	NA	NA	NA	SMC03	0.415180749568511	2
epithelial_specificity	results_final/stage_7_epithelial_specificity_donor_differences.tsv	48d48e987ea4cfe67d477ccf4c5bf7db2bee26bc4b9c612b9db2edd56764bb13	Cycling_SB_M02	NA	NA	NA	NA	NA	NA	NA	NA	NA	NA	NA	GSE132465	epithelial_specificity	NA	NA	NA	NA	NA	NA	NA	NA	NA	NA	NA	NA	NA	NA	NA	NA	NA	NA	NA	NA	NA	NA	NA	NA	NA	NA	NA	NA	NA	SMC04	0.52509025659461	2
epithelial_specificity	results_final/stage_7_epithelial_specificity_donor_differences.tsv	48d48e987ea4cfe67d477ccf4c5bf7db2bee26bc4b9c612b9db2edd56764bb13	Cycling_SB_M02	NA	NA	NA	NA	NA	NA	NA	NA	NA	NA	NA	GSE132465	epithelial_specificity	NA	NA	NA	NA	NA	NA	NA	NA	NA	NA	NA	NA	NA	NA	NA	NA	NA	NA	NA	NA	NA	NA	NA	NA	NA	NA	NA	NA	NA	SMC05	0.398801675290615	1
epithelial_specificity	results_final/stage_7_epithelial_specificity_donor_differences.tsv	48d48e987ea4cfe67d477ccf4c5bf7db2bee26bc4b9c612b9db2edd56764bb13	Cycling_SB_M02	NA	NA	NA	NA	NA	NA	NA	NA	NA	NA	NA	GSE132465	epithelial_specificity	NA	NA	NA	NA	NA	NA	NA	NA	NA	NA	NA	NA	NA	NA	NA	NA	NA	NA	NA	NA	NA	NA	NA	NA	NA	NA	NA	NA	NA	SMC06	0.292727172466213	2
epithelial_specificity	results_final/stage_7_epithelial_specificity_donor_differences.tsv	48d48e987ea4cfe67d477ccf4c5bf7db2bee26bc4b9c612b9db2edd56764bb13	Cycling_SB_M02	NA	NA	NA	NA	NA	NA	NA	NA	NA	NA	NA	GSE132465	epithelial_specificity	NA	NA	NA	NA	NA	NA	NA	NA	NA	NA	NA	NA	NA	NA	NA	NA	NA	NA	NA	NA	NA	NA	NA	NA	NA	NA	NA	NA	NA	SMC07	0.409466348382435	2
epithelial_specificity	results_final/stage_7_epithelial_specificity_donor_differences.tsv	48d48e987ea4cfe67d477ccf4c5bf7db2bee26bc4b9c612b9db2edd56764bb13	Cycling_SB_M02	NA	NA	NA	NA	NA	NA	NA	NA	NA	NA	NA	GSE132465	epithelial_specificity	NA	NA	NA	NA	NA	NA	NA	NA	NA	NA	NA	NA	NA	NA	NA	NA	NA	NA	NA	NA	NA	NA	NA	NA	NA	NA	NA	NA	NA	SMC08	0.467371474517178	1
epithelial_specificity	results_final/stage_7_epithelial_specificity_donor_differences.tsv	48d48e987ea4cfe67d477ccf4c5bf7db2bee26bc4b9c612b9db2edd56764bb13	Cycling_SB_M02	NA	NA	NA	NA	NA	NA	NA	NA	NA	NA	NA	GSE132465	epithelial_specificity	NA	NA	NA	NA	NA	NA	NA	NA	NA	NA	NA	NA	NA	NA	NA	NA	NA	NA	NA	NA	NA	NA	NA	NA	NA	NA	NA	NA	NA	SMC09	0.768961722104718	2
epithelial_specificity	results_final/stage_7_epithelial_specificity_donor_differences.tsv	48d48e987ea4cfe67d477ccf4c5bf7db2bee26bc4b9c612b9db2edd56764bb13	Cycling_SB_M02	NA	NA	NA	NA	NA	NA	NA	NA	NA	NA	NA	GSE132465	epithelial_specificity	NA	NA	NA	NA	NA	NA	NA	NA	NA	NA	NA	NA	NA	NA	NA	NA	NA	NA	NA	NA	NA	NA	NA	NA	NA	NA	NA	NA	NA	SMC10	0.51052237399627	2
epithelial_specificity	results_final/stage_7_epithelial_specificity_donor_differences.tsv	48d48e987ea4cfe67d477ccf4c5bf7db2bee26bc4b9c612b9db2edd56764bb13	Cycling_SB_M02	NA	NA	NA	NA	NA	NA	NA	NA	NA	NA	NA	GSE132465	epithelial_specificity	NA	NA	NA	NA	NA	NA	NA	NA	NA	NA	NA	NA	NA	NA	NA	NA	NA	NA	NA	NA	NA	NA	NA	NA	NA	NA	NA	NA	NA	SMC11	0.566102754927902	1
epithelial_specificity	results_final/stage_7_epithelial_specificity_donor_differences.tsv	48d48e987ea4cfe67d477ccf4c5bf7db2bee26bc4b9c612b9db2edd56764bb13	Cycling_SB_M02	NA	NA	NA	NA	NA	NA	NA	NA	NA	NA	NA	GSE132465	epithelial_specificity	NA	NA	NA	NA	NA	NA	NA	NA	NA	NA	NA	NA	NA	NA	NA	NA	NA	NA	NA	NA	NA	NA	NA	NA	NA	NA	NA	NA	NA	SMC14	0.397819627592056	1
epithelial_specificity	results_final/stage_7_epithelial_specificity_donor_differences.tsv	48d48e987ea4cfe67d477ccf4c5bf7db2bee26bc4b9c612b9db2edd56764bb13	Cycling_SB_M02	NA	NA	NA	NA	NA	NA	NA	NA	NA	NA	NA	GSE132465	epithelial_specificity	NA	NA	NA	NA	NA	NA	NA	NA	NA	NA	NA	NA	NA	NA	NA	NA	NA	NA	NA	NA	NA	NA	NA	NA	NA	NA	NA	NA	NA	SMC15	0.345928736711761	1
epithelial_specificity	results_final/stage_7_epithelial_specificity_donor_differences.tsv	48d48e987ea4cfe67d477ccf4c5bf7db2bee26bc4b9c612b9db2edd56764bb13	Cycling_SB_M02	NA	NA	NA	NA	NA	NA	NA	NA	NA	NA	NA	GSE132465	epithelial_specificity	NA	NA	NA	NA	NA	NA	NA	NA	NA	NA	NA	NA	NA	NA	NA	NA	NA	NA	NA	NA	NA	NA	NA	NA	NA	NA	NA	NA	NA	SMC16	0.813843134930865	1
epithelial_specificity	results_final/stage_7_epithelial_specificity_donor_differences.tsv	48d48e987ea4cfe67d477ccf4c5bf7db2bee26bc4b9c612b9db2edd56764bb13	Cycling_SB_M02	NA	NA	NA	NA	NA	NA	NA	NA	NA	NA	NA	GSE132465	epithelial_specificity	NA	NA	NA	NA	NA	NA	NA	NA	NA	NA	NA	NA	NA	NA	NA	NA	NA	NA	NA	NA	NA	NA	NA	NA	NA	NA	NA	NA	NA	SMC17	0.422826317551452	1
epithelial_specificity	results_final/stage_7_epithelial_specificity_donor_differences.tsv	48d48e987ea4cfe67d477ccf4c5bf7db2bee26bc4b9c612b9db2edd56764bb13	Cycling_SB_M02	NA	NA	NA	NA	NA	NA	NA	NA	NA	NA	NA	GSE132465	epithelial_specificity	NA	NA	NA	NA	NA	NA	NA	NA	NA	NA	NA	NA	NA	NA	NA	NA	NA	NA	NA	NA	NA	NA	NA	NA	NA	NA	NA	NA	NA	SMC18	0.852572500854158	1
epithelial_specificity	results_final/stage_7_epithelial_specificity_donor_differences.tsv	48d48e987ea4cfe67d477ccf4c5bf7db2bee26bc4b9c612b9db2edd56764bb13	Cycling_SB_M02	NA	NA	NA	NA	NA	NA	NA	NA	NA	NA	NA	GSE132465	epithelial_specificity	NA	NA	NA	NA	NA	NA	NA	NA	NA	NA	NA	NA	NA	NA	NA	NA	NA	NA	NA	NA	NA	NA	NA	NA	NA	NA	NA	NA	NA	SMC19	0.555234739371351	1
epithelial_specificity	results_final/stage_7_epithelial_specificity_donor_differences.tsv	48d48e987ea4cfe67d477ccf4c5bf7db2bee26bc4b9c612b9db2edd56764bb13	Cycling_SB_M02	NA	NA	NA	NA	NA	NA	NA	NA	NA	NA	NA	GSE132465	epithelial_specificity	NA	NA	NA	NA	NA	NA	NA	NA	NA	NA	NA	NA	NA	NA	NA	NA	NA	NA	NA	NA	NA	NA	NA	NA	NA	NA	NA	NA	NA	SMC20	0.447523033300179	1
epithelial_specificity	results_final/stage_7_epithelial_specificity_donor_differences.tsv	48d48e987ea4cfe67d477ccf4c5bf7db2bee26bc4b9c612b9db2edd56764bb13	Cycling_SB_M02	NA	NA	NA	NA	NA	NA	NA	NA	NA	NA	NA	GSE132465	epithelial_specificity	NA	NA	NA	NA	NA	NA	NA	NA	NA	NA	NA	NA	NA	NA	NA	NA	NA	NA	NA	NA	NA	NA	NA	NA	NA	NA	NA	NA	NA	SMC21	0.68089302284471	1
epithelial_specificity	results_final/stage_7_epithelial_specificity_donor_differences.tsv	48d48e987ea4cfe67d477ccf4c5bf7db2bee26bc4b9c612b9db2edd56764bb13	Cycling_SB_M02	NA	NA	NA	NA	NA	NA	NA	NA	NA	NA	NA	GSE132465	epithelial_specificity	NA	NA	NA	NA	NA	NA	NA	NA	NA	NA	NA	NA	NA	NA	NA	NA	NA	NA	NA	NA	NA	NA	NA	NA	NA	NA	NA	NA	NA	SMC22	0.65929997776846	1
epithelial_specificity	results_final/stage_7_epithelial_specificity_donor_differences.tsv	48d48e987ea4cfe67d477ccf4c5bf7db2bee26bc4b9c612b9db2edd56764bb13	Cycling_SB_M02	NA	NA	NA	NA	NA	NA	NA	NA	NA	NA	NA	GSE132465	epithelial_specificity	NA	NA	NA	NA	NA	NA	NA	NA	NA	NA	NA	NA	NA	NA	NA	NA	NA	NA	NA	NA	NA	NA	NA	NA	NA	NA	NA	NA	NA	SMC23	0.621495633345918	1
epithelial_specificity	results_final/stage_7_epithelial_specificity_donor_differences.tsv	48d48e987ea4cfe67d477ccf4c5bf7db2bee26bc4b9c612b9db2edd56764bb13	Cycling_SB_M02	NA	NA	NA	NA	NA	NA	NA	NA	NA	NA	NA	GSE132465	epithelial_specificity	NA	NA	NA	NA	NA	NA	NA	NA	NA	NA	NA	NA	NA	NA	NA	NA	NA	NA	NA	NA	NA	NA	NA	NA	NA	NA	NA	NA	NA	SMC24	0.405363098183577	1
epithelial_specificity	results_final/stage_7_epithelial_specificity_donor_differences.tsv	48d48e987ea4cfe67d477ccf4c5bf7db2bee26bc4b9c612b9db2edd56764bb13	Cycling_SB_M02	NA	NA	NA	NA	NA	NA	NA	NA	NA	NA	NA	GSE132465	epithelial_specificity	NA	NA	NA	NA	NA	NA	NA	NA	NA	NA	NA	NA	NA	NA	NA	NA	NA	NA	NA	NA	NA	NA	NA	NA	NA	NA	NA	NA	NA	SMC25	0.488958907427458	1
epithelial_specificity	results_final/stage_7_epithelial_specificity_donor_differences.tsv	48d48e987ea4cfe67d477ccf4c5bf7db2bee26bc4b9c612b9db2edd56764bb13	Stem_progenitor_SB_M02	NA	NA	NA	NA	NA	NA	NA	NA	NA	NA	NA	GSE132465	epithelial_specificity	NA	NA	NA	NA	NA	NA	NA	NA	NA	NA	NA	NA	NA	NA	NA	NA	NA	NA	NA	NA	NA	NA	NA	NA	NA	NA	NA	NA	NA	SMC01	0.65266877279813	2
epithelial_specificity	results_final/stage_7_epithelial_specificity_donor_differences.tsv	48d48e987ea4cfe67d477ccf4c5bf7db2bee26bc4b9c612b9db2edd56764bb13	Stem_progenitor_SB_M02	NA	NA	NA	NA	NA	NA	NA	NA	NA	NA	NA	GSE132465	epithelial_specificity	NA	NA	NA	NA	NA	NA	NA	NA	NA	NA	NA	NA	NA	NA	NA	NA	NA	NA	NA	NA	NA	NA	NA	NA	NA	NA	NA	NA	NA	SMC02	0.459477233115861	2
epithelial_specificity	results_final/stage_7_epithelial_specificity_donor_differences.tsv	48d48e987ea4cfe67d477ccf4c5bf7db2bee26bc4b9c612b9db2edd56764bb13	Stem_progenitor_SB_M02	NA	NA	NA	NA	NA	NA	NA	NA	NA	NA	NA	GSE132465	epithelial_specificity	NA	NA	NA	NA	NA	NA	NA	NA	NA	NA	NA	NA	NA	NA	NA	NA	NA	NA	NA	NA	NA	NA	NA	NA	NA	NA	NA	NA	NA	SMC03	0.0471214085759712	2
epithelial_specificity	results_final/stage_7_epithelial_specificity_donor_differences.tsv	48d48e987ea4cfe67d477ccf4c5bf7db2bee26bc4b9c612b9db2edd56764bb13	Stem_progenitor_SB_M02	NA	NA	NA	NA	NA	NA	NA	NA	NA	NA	NA	GSE132465	epithelial_specificity	NA	NA	NA	NA	NA	NA	NA	NA	NA	NA	NA	NA	NA	NA	NA	NA	NA	NA	NA	NA	NA	NA	NA	NA	NA	NA	NA	NA	NA	SMC04	0.357518994153321	2
epithelial_specificity	results_final/stage_7_epithelial_specificity_donor_differences.tsv	48d48e987ea4cfe67d477ccf4c5bf7db2bee26bc4b9c612b9db2edd56764bb13	Stem_progenitor_SB_M02	NA	NA	NA	NA	NA	NA	NA	NA	NA	NA	NA	GSE132465	epithelial_specificity	NA	NA	NA	NA	NA	NA	NA	NA	NA	NA	NA	NA	NA	NA	NA	NA	NA	NA	NA	NA	NA	NA	NA	NA	NA	NA	NA	NA	NA	SMC05	0.0560408638381419	1
epithelial_specificity	results_final/stage_7_epithelial_specificity_donor_differences.tsv	48d48e987ea4cfe67d477ccf4c5bf7db2bee26bc4b9c612b9db2edd56764bb13	Stem_progenitor_SB_M02	NA	NA	NA	NA	NA	NA	NA	NA	NA	NA	NA	GSE132465	epithelial_specificity	NA	NA	NA	NA	NA	NA	NA	NA	NA	NA	NA	NA	NA	NA	NA	NA	NA	NA	NA	NA	NA	NA	NA	NA	NA	NA	NA	NA	NA	SMC06	0.17404095673327	2
epithelial_specificity	results_final/stage_7_epithelial_specificity_donor_differences.tsv	48d48e987ea4cfe67d477ccf4c5bf7db2bee26bc4b9c612b9db2edd56764bb13	Stem_progenitor_SB_M02	NA	NA	NA	NA	NA	NA	NA	NA	NA	NA	NA	GSE132465	epithelial_specificity	NA	NA	NA	NA	NA	NA	NA	NA	NA	NA	NA	NA	NA	NA	NA	NA	NA	NA	NA	NA	NA	NA	NA	NA	NA	NA	NA	NA	NA	SMC07	0.406319923494291	2
epithelial_specificity	results_final/stage_7_epithelial_specificity_donor_differences.tsv	48d48e987ea4cfe67d477ccf4c5bf7db2bee26bc4b9c612b9db2edd56764bb13	Stem_progenitor_SB_M02	NA	NA	NA	NA	NA	NA	NA	NA	NA	NA	NA	GSE132465	epithelial_specificity	NA	NA	NA	NA	NA	NA	NA	NA	NA	NA	NA	NA	NA	NA	NA	NA	NA	NA	NA	NA	NA	NA	NA	NA	NA	NA	NA	NA	NA	SMC08	0.581769146516317	1
epithelial_specificity	results_final/stage_7_epithelial_specificity_donor_differences.tsv	48d48e987ea4cfe67d477ccf4c5bf7db2bee26bc4b9c612b9db2edd56764bb13	Stem_progenitor_SB_M02	NA	NA	NA	NA	NA	NA	NA	NA	NA	NA	NA	GSE132465	epithelial_specificity	NA	NA	NA	NA	NA	NA	NA	NA	NA	NA	NA	NA	NA	NA	NA	NA	NA	NA	NA	NA	NA	NA	NA	NA	NA	NA	NA	NA	NA	SMC09	0.403767080536543	2
epithelial_specificity	results_final/stage_7_epithelial_specificity_donor_differences.tsv	48d48e987ea4cfe67d477ccf4c5bf7db2bee26bc4b9c612b9db2edd56764bb13	Stem_progenitor_SB_M02	NA	NA	NA	NA	NA	NA	NA	NA	NA	NA	NA	GSE132465	epithelial_specificity	NA	NA	NA	NA	NA	NA	NA	NA	NA	NA	NA	NA	NA	NA	NA	NA	NA	NA	NA	NA	NA	NA	NA	NA	NA	NA	NA	NA	NA	SMC10	0.0851735604473739	2
epithelial_specificity	results_final/stage_7_epithelial_specificity_donor_differences.tsv	48d48e987ea4cfe67d477ccf4c5bf7db2bee26bc4b9c612b9db2edd56764bb13	Stem_progenitor_SB_M02	NA	NA	NA	NA	NA	NA	NA	NA	NA	NA	NA	GSE132465	epithelial_specificity	NA	NA	NA	NA	NA	NA	NA	NA	NA	NA	NA	NA	NA	NA	NA	NA	NA	NA	NA	NA	NA	NA	NA	NA	NA	NA	NA	NA	NA	SMC11	0.866878589726863	1
epithelial_specificity	results_final/stage_7_epithelial_specificity_donor_differences.tsv	48d48e987ea4cfe67d477ccf4c5bf7db2bee26bc4b9c612b9db2edd56764bb13	Stem_progenitor_SB_M02	NA	NA	NA	NA	NA	NA	NA	NA	NA	NA	NA	GSE132465	epithelial_specificity	NA	NA	NA	NA	NA	NA	NA	NA	NA	NA	NA	NA	NA	NA	NA	NA	NA	NA	NA	NA	NA	NA	NA	NA	NA	NA	NA	NA	NA	SMC14	0.819772526204572	1
epithelial_specificity	results_final/stage_7_epithelial_specificity_donor_differences.tsv	48d48e987ea4cfe67d477ccf4c5bf7db2bee26bc4b9c612b9db2edd56764bb13	Stem_progenitor_SB_M02	NA	NA	NA	NA	NA	NA	NA	NA	NA	NA	NA	GSE132465	epithelial_specificity	NA	NA	NA	NA	NA	NA	NA	NA	NA	NA	NA	NA	NA	NA	NA	NA	NA	NA	NA	NA	NA	NA	NA	NA	NA	NA	NA	NA	NA	SMC15	0.781298541439406	1
epithelial_specificity	results_final/stage_7_epithelial_specificity_donor_differences.tsv	48d48e987ea4cfe67d477ccf4c5bf7db2bee26bc4b9c612b9db2edd56764bb13	Stem_progenitor_SB_M02	NA	NA	NA	NA	NA	NA	NA	NA	NA	NA	NA	GSE132465	epithelial_specificity	NA	NA	NA	NA	NA	NA	NA	NA	NA	NA	NA	NA	NA	NA	NA	NA	NA	NA	NA	NA	NA	NA	NA	NA	NA	NA	NA	NA	NA	SMC16	0.770531097458571	1
epithelial_specificity	results_final/stage_7_epithelial_specificity_donor_differences.tsv	48d48e987ea4cfe67d477ccf4c5bf7db2bee26bc4b9c612b9db2edd56764bb13	Stem_progenitor_SB_M02	NA	NA	NA	NA	NA	NA	NA	NA	NA	NA	NA	GSE132465	epithelial_specificity	NA	NA	NA	NA	NA	NA	NA	NA	NA	NA	NA	NA	NA	NA	NA	NA	NA	NA	NA	NA	NA	NA	NA	NA	NA	NA	NA	NA	NA	SMC17	0.447843989490319	1
epithelial_specificity	results_final/stage_7_epithelial_specificity_donor_differences.tsv	48d48e987ea4cfe67d477ccf4c5bf7db2bee26bc4b9c612b9db2edd56764bb13	Stem_progenitor_SB_M02	NA	NA	NA	NA	NA	NA	NA	NA	NA	NA	NA	GSE132465	epithelial_specificity	NA	NA	NA	NA	NA	NA	NA	NA	NA	NA	NA	NA	NA	NA	NA	NA	NA	NA	NA	NA	NA	NA	NA	NA	NA	NA	NA	NA	NA	SMC18	1.11058247854572	1
epithelial_specificity	results_final/stage_7_epithelial_specificity_donor_differences.tsv	48d48e987ea4cfe67d477ccf4c5bf7db2bee26bc4b9c612b9db2edd56764bb13	Stem_progenitor_SB_M02	NA	NA	NA	NA	NA	NA	NA	NA	NA	NA	NA	GSE132465	epithelial_specificity	NA	NA	NA	NA	NA	NA	NA	NA	NA	NA	NA	NA	NA	NA	NA	NA	NA	NA	NA	NA	NA	NA	NA	NA	NA	NA	NA	NA	NA	SMC19	0.748401457213818	1
epithelial_specificity	results_final/stage_7_epithelial_specificity_donor_differences.tsv	48d48e987ea4cfe67d477ccf4c5bf7db2bee26bc4b9c612b9db2edd56764bb13	Stem_progenitor_SB_M02	NA	NA	NA	NA	NA	NA	NA	NA	NA	NA	NA	GSE132465	epithelial_specificity	NA	NA	NA	NA	NA	NA	NA	NA	NA	NA	NA	NA	NA	NA	NA	NA	NA	NA	NA	NA	NA	NA	NA	NA	NA	NA	NA	NA	NA	SMC20	0.445372788664455	1
epithelial_specificity	results_final/stage_7_epithelial_specificity_donor_differences.tsv	48d48e987ea4cfe67d477ccf4c5bf7db2bee26bc4b9c612b9db2edd56764bb13	Stem_progenitor_SB_M02	NA	NA	NA	NA	NA	NA	NA	NA	NA	NA	NA	GSE132465	epithelial_specificity	NA	NA	NA	NA	NA	NA	NA	NA	NA	NA	NA	NA	NA	NA	NA	NA	NA	NA	NA	NA	NA	NA	NA	NA	NA	NA	NA	NA	NA	SMC21	1.1438931650536	1
epithelial_specificity	results_final/stage_7_epithelial_specificity_donor_differences.tsv	48d48e987ea4cfe67d477ccf4c5bf7db2bee26bc4b9c612b9db2edd56764bb13	Stem_progenitor_SB_M02	NA	NA	NA	NA	NA	NA	NA	NA	NA	NA	NA	GSE132465	epithelial_specificity	NA	NA	NA	NA	NA	NA	NA	NA	NA	NA	NA	NA	NA	NA	NA	NA	NA	NA	NA	NA	NA	NA	NA	NA	NA	NA	NA	NA	NA	SMC22	1.12799352701619	1
epithelial_specificity	results_final/stage_7_epithelial_specificity_donor_differences.tsv	48d48e987ea4cfe67d477ccf4c5bf7db2bee26bc4b9c612b9db2edd56764bb13	Stem_progenitor_SB_M02	NA	NA	NA	NA	NA	NA	NA	NA	NA	NA	NA	GSE132465	epithelial_specificity	NA	NA	NA	NA	NA	NA	NA	NA	NA	NA	NA	NA	NA	NA	NA	NA	NA	NA	NA	NA	NA	NA	NA	NA	NA	NA	NA	NA	NA	SMC23	0.786810062322664	1
epithelial_specificity	results_final/stage_7_epithelial_specificity_donor_differences.tsv	48d48e987ea4cfe67d477ccf4c5bf7db2bee26bc4b9c612b9db2edd56764bb13	Stem_progenitor_SB_M02	NA	NA	NA	NA	NA	NA	NA	NA	NA	NA	NA	GSE132465	epithelial_specificity	NA	NA	NA	NA	NA	NA	NA	NA	NA	NA	NA	NA	NA	NA	NA	NA	NA	NA	NA	NA	NA	NA	NA	NA	NA	NA	NA	NA	NA	SMC24	0.595375365333777	1
epithelial_specificity	results_final/stage_7_epithelial_specificity_donor_differences.tsv	48d48e987ea4cfe67d477ccf4c5bf7db2bee26bc4b9c612b9db2edd56764bb13	Stem_progenitor_SB_M02	NA	NA	NA	NA	NA	NA	NA	NA	NA	NA	NA	GSE132465	epithelial_specificity	NA	NA	NA	NA	NA	NA	NA	NA	NA	NA	NA	NA	NA	NA	NA	NA	NA	NA	NA	NA	NA	NA	NA	NA	NA	NA	NA	NA	NA	SMC25	0.502544247720603	1
epithelial_specificity	results_final/stage_7_epithelial_specificity_donor_differences.tsv	48d48e987ea4cfe67d477ccf4c5bf7db2bee26bc4b9c612b9db2edd56764bb13	Stem_progenitor_SB_M10	NA	NA	NA	NA	NA	NA	NA	NA	NA	NA	NA	GSE132465	epithelial_specificity	NA	NA	NA	NA	NA	NA	NA	NA	NA	NA	NA	NA	NA	NA	NA	NA	NA	NA	NA	NA	NA	NA	NA	NA	NA	NA	NA	NA	NA	SMC01	0.356079538905915	2
epithelial_specificity	results_final/stage_7_epithelial_specificity_donor_differences.tsv	48d48e987ea4cfe67d477ccf4c5bf7db2bee26bc4b9c612b9db2edd56764bb13	Stem_progenitor_SB_M10	NA	NA	NA	NA	NA	NA	NA	NA	NA	NA	NA	GSE132465	epithelial_specificity	NA	NA	NA	NA	NA	NA	NA	NA	NA	NA	NA	NA	NA	NA	NA	NA	NA	NA	NA	NA	NA	NA	NA	NA	NA	NA	NA	NA	NA	SMC02	0.388915718197793	2
epithelial_specificity	results_final/stage_7_epithelial_specificity_donor_differences.tsv	48d48e987ea4cfe67d477ccf4c5bf7db2bee26bc4b9c612b9db2edd56764bb13	Stem_progenitor_SB_M10	NA	NA	NA	NA	NA	NA	NA	NA	NA	NA	NA	GSE132465	epithelial_specificity	NA	NA	NA	NA	NA	NA	NA	NA	NA	NA	NA	NA	NA	NA	NA	NA	NA	NA	NA	NA	NA	NA	NA	NA	NA	NA	NA	NA	NA	SMC03	0.319179667042362	2
epithelial_specificity	results_final/stage_7_epithelial_specificity_donor_differences.tsv	48d48e987ea4cfe67d477ccf4c5bf7db2bee26bc4b9c612b9db2edd56764bb13	Stem_progenitor_SB_M10	NA	NA	NA	NA	NA	NA	NA	NA	NA	NA	NA	GSE132465	epithelial_specificity	NA	NA	NA	NA	NA	NA	NA	NA	NA	NA	NA	NA	NA	NA	NA	NA	NA	NA	NA	NA	NA	NA	NA	NA	NA	NA	NA	NA	NA	SMC04	0.474895794712576	2
epithelial_specificity	results_final/stage_7_epithelial_specificity_donor_differences.tsv	48d48e987ea4cfe67d477ccf4c5bf7db2bee26bc4b9c612b9db2edd56764bb13	Stem_progenitor_SB_M10	NA	NA	NA	NA	NA	NA	NA	NA	NA	NA	NA	GSE132465	epithelial_specificity	NA	NA	NA	NA	NA	NA	NA	NA	NA	NA	NA	NA	NA	NA	NA	NA	NA	NA	NA	NA	NA	NA	NA	NA	NA	NA	NA	NA	NA	SMC05	0.333529327066847	1
epithelial_specificity	results_final/stage_7_epithelial_specificity_donor_differences.tsv	48d48e987ea4cfe67d477ccf4c5bf7db2bee26bc4b9c612b9db2edd56764bb13	Stem_progenitor_SB_M10	NA	NA	NA	NA	NA	NA	NA	NA	NA	NA	NA	GSE132465	epithelial_specificity	NA	NA	NA	NA	NA	NA	NA	NA	NA	NA	NA	NA	NA	NA	NA	NA	NA	NA	NA	NA	NA	NA	NA	NA	NA	NA	NA	NA	NA	SMC06	0.238498069438769	2
epithelial_specificity	results_final/stage_7_epithelial_specificity_donor_differences.tsv	48d48e987ea4cfe67d477ccf4c5bf7db2bee26bc4b9c612b9db2edd56764bb13	Stem_progenitor_SB_M10	NA	NA	NA	NA	NA	NA	NA	NA	NA	NA	NA	GSE132465	epithelial_specificity	NA	NA	NA	NA	NA	NA	NA	NA	NA	NA	NA	NA	NA	NA	NA	NA	NA	NA	NA	NA	NA	NA	NA	NA	NA	NA	NA	NA	NA	SMC07	0.372731512162588	2
epithelial_specificity	results_final/stage_7_epithelial_specificity_donor_differences.tsv	48d48e987ea4cfe67d477ccf4c5bf7db2bee26bc4b9c612b9db2edd56764bb13	Stem_progenitor_SB_M10	NA	NA	NA	NA	NA	NA	NA	NA	NA	NA	NA	GSE132465	epithelial_specificity	NA	NA	NA	NA	NA	NA	NA	NA	NA	NA	NA	NA	NA	NA	NA	NA	NA	NA	NA	NA	NA	NA	NA	NA	NA	NA	NA	NA	NA	SMC08	0.381420265455704	1
epithelial_specificity	results_final/stage_7_epithelial_specificity_donor_differences.tsv	48d48e987ea4cfe67d477ccf4c5bf7db2bee26bc4b9c612b9db2edd56764bb13	Stem_progenitor_SB_M10	NA	NA	NA	NA	NA	NA	NA	NA	NA	NA	NA	GSE132465	epithelial_specificity	NA	NA	NA	NA	NA	NA	NA	NA	NA	NA	NA	NA	NA	NA	NA	NA	NA	NA	NA	NA	NA	NA	NA	NA	NA	NA	NA	NA	NA	SMC09	0.674594696628594	2
epithelial_specificity	results_final/stage_7_epithelial_specificity_donor_differences.tsv	48d48e987ea4cfe67d477ccf4c5bf7db2bee26bc4b9c612b9db2edd56764bb13	Stem_progenitor_SB_M10	NA	NA	NA	NA	NA	NA	NA	NA	NA	NA	NA	GSE132465	epithelial_specificity	NA	NA	NA	NA	NA	NA	NA	NA	NA	NA	NA	NA	NA	NA	NA	NA	NA	NA	NA	NA	NA	NA	NA	NA	NA	NA	NA	NA	NA	SMC10	0.405379068992936	2
epithelial_specificity	results_final/stage_7_epithelial_specificity_donor_differences.tsv	48d48e987ea4cfe67d477ccf4c5bf7db2bee26bc4b9c612b9db2edd56764bb13	Stem_progenitor_SB_M10	NA	NA	NA	NA	NA	NA	NA	NA	NA	NA	NA	GSE132465	epithelial_specificity	NA	NA	NA	NA	NA	NA	NA	NA	NA	NA	NA	NA	NA	NA	NA	NA	NA	NA	NA	NA	NA	NA	NA	NA	NA	NA	NA	NA	NA	SMC11	0.341236753533761	1
epithelial_specificity	results_final/stage_7_epithelial_specificity_donor_differences.tsv	48d48e987ea4cfe67d477ccf4c5bf7db2bee26bc4b9c612b9db2edd56764bb13	Stem_progenitor_SB_M10	NA	NA	NA	NA	NA	NA	NA	NA	NA	NA	NA	GSE132465	epithelial_specificity	NA	NA	NA	NA	NA	NA	NA	NA	NA	NA	NA	NA	NA	NA	NA	NA	NA	NA	NA	NA	NA	NA	NA	NA	NA	NA	NA	NA	NA	SMC14	0.400768346651236	1
epithelial_specificity	results_final/stage_7_epithelial_specificity_donor_differences.tsv	48d48e987ea4cfe67d477ccf4c5bf7db2bee26bc4b9c612b9db2edd56764bb13	Stem_progenitor_SB_M10	NA	NA	NA	NA	NA	NA	NA	NA	NA	NA	NA	GSE132465	epithelial_specificity	NA	NA	NA	NA	NA	NA	NA	NA	NA	NA	NA	NA	NA	NA	NA	NA	NA	NA	NA	NA	NA	NA	NA	NA	NA	NA	NA	NA	NA	SMC15	0.397432558936202	1
epithelial_specificity	results_final/stage_7_epithelial_specificity_donor_differences.tsv	48d48e987ea4cfe67d477ccf4c5bf7db2bee26bc4b9c612b9db2edd56764bb13	Stem_progenitor_SB_M10	NA	NA	NA	NA	NA	NA	NA	NA	NA	NA	NA	GSE132465	epithelial_specificity	NA	NA	NA	NA	NA	NA	NA	NA	NA	NA	NA	NA	NA	NA	NA	NA	NA	NA	NA	NA	NA	NA	NA	NA	NA	NA	NA	NA	NA	SMC16	0.747563844307542	1
epithelial_specificity	results_final/stage_7_epithelial_specificity_donor_differences.tsv	48d48e987ea4cfe67d477ccf4c5bf7db2bee26bc4b9c612b9db2edd56764bb13	Stem_progenitor_SB_M10	NA	NA	NA	NA	NA	NA	NA	NA	NA	NA	NA	GSE132465	epithelial_specificity	NA	NA	NA	NA	NA	NA	NA	NA	NA	NA	NA	NA	NA	NA	NA	NA	NA	NA	NA	NA	NA	NA	NA	NA	NA	NA	NA	NA	NA	SMC17	0.385844645414722	1
epithelial_specificity	results_final/stage_7_epithelial_specificity_donor_differences.tsv	48d48e987ea4cfe67d477ccf4c5bf7db2bee26bc4b9c612b9db2edd56764bb13	Stem_progenitor_SB_M10	NA	NA	NA	NA	NA	NA	NA	NA	NA	NA	NA	GSE132465	epithelial_specificity	NA	NA	NA	NA	NA	NA	NA	NA	NA	NA	NA	NA	NA	NA	NA	NA	NA	NA	NA	NA	NA	NA	NA	NA	NA	NA	NA	NA	NA	SMC18	0.788811579421074	1
epithelial_specificity	results_final/stage_7_epithelial_specificity_donor_differences.tsv	48d48e987ea4cfe67d477ccf4c5bf7db2bee26bc4b9c612b9db2edd56764bb13	Stem_progenitor_SB_M10	NA	NA	NA	NA	NA	NA	NA	NA	NA	NA	NA	GSE132465	epithelial_specificity	NA	NA	NA	NA	NA	NA	NA	NA	NA	NA	NA	NA	NA	NA	NA	NA	NA	NA	NA	NA	NA	NA	NA	NA	NA	NA	NA	NA	NA	SMC19	0.58805719508411	1
epithelial_specificity	results_final/stage_7_epithelial_specificity_donor_differences.tsv	48d48e987ea4cfe67d477ccf4c5bf7db2bee26bc4b9c612b9db2edd56764bb13	Stem_progenitor_SB_M10	NA	NA	NA	NA	NA	NA	NA	NA	NA	NA	NA	GSE132465	epithelial_specificity	NA	NA	NA	NA	NA	NA	NA	NA	NA	NA	NA	NA	NA	NA	NA	NA	NA	NA	NA	NA	NA	NA	NA	NA	NA	NA	NA	NA	NA	SMC20	0.3351103941829	1
epithelial_specificity	results_final/stage_7_epithelial_specificity_donor_differences.tsv	48d48e987ea4cfe67d477ccf4c5bf7db2bee26bc4b9c612b9db2edd56764bb13	Stem_progenitor_SB_M10	NA	NA	NA	NA	NA	NA	NA	NA	NA	NA	NA	GSE132465	epithelial_specificity	NA	NA	NA	NA	NA	NA	NA	NA	NA	NA	NA	NA	NA	NA	NA	NA	NA	NA	NA	NA	NA	NA	NA	NA	NA	NA	NA	NA	NA	SMC21	0.579150373687048	1
epithelial_specificity	results_final/stage_7_epithelial_specificity_donor_differences.tsv	48d48e987ea4cfe67d477ccf4c5bf7db2bee26bc4b9c612b9db2edd56764bb13	Stem_progenitor_SB_M10	NA	NA	NA	NA	NA	NA	NA	NA	NA	NA	NA	GSE132465	epithelial_specificity	NA	NA	NA	NA	NA	NA	NA	NA	NA	NA	NA	NA	NA	NA	NA	NA	NA	NA	NA	NA	NA	NA	NA	NA	NA	NA	NA	NA	NA	SMC22	0.541919959257118	1
epithelial_specificity	results_final/stage_7_epithelial_specificity_donor_differences.tsv	48d48e987ea4cfe67d477ccf4c5bf7db2bee26bc4b9c612b9db2edd56764bb13	Stem_progenitor_SB_M10	NA	NA	NA	NA	NA	NA	NA	NA	NA	NA	NA	GSE132465	epithelial_specificity	NA	NA	NA	NA	NA	NA	NA	NA	NA	NA	NA	NA	NA	NA	NA	NA	NA	NA	NA	NA	NA	NA	NA	NA	NA	NA	NA	NA	NA	SMC23	0.481967180768821	1
epithelial_specificity	results_final/stage_7_epithelial_specificity_donor_differences.tsv	48d48e987ea4cfe67d477ccf4c5bf7db2bee26bc4b9c612b9db2edd56764bb13	Stem_progenitor_SB_M10	NA	NA	NA	NA	NA	NA	NA	NA	NA	NA	NA	GSE132465	epithelial_specificity	NA	NA	NA	NA	NA	NA	NA	NA	NA	NA	NA	NA	NA	NA	NA	NA	NA	NA	NA	NA	NA	NA	NA	NA	NA	NA	NA	NA	NA	SMC24	0.363231621262996	1
epithelial_specificity	results_final/stage_7_epithelial_specificity_donor_differences.tsv	48d48e987ea4cfe67d477ccf4c5bf7db2bee26bc4b9c612b9db2edd56764bb13	Stem_progenitor_SB_M10	NA	NA	NA	NA	NA	NA	NA	NA	NA	NA	NA	GSE132465	epithelial_specificity	NA	NA	NA	NA	NA	NA	NA	NA	NA	NA	NA	NA	NA	NA	NA	NA	NA	NA	NA	NA	NA	NA	NA	NA	NA	NA	NA	NA	NA	SMC25	0.434065658528876	1
epithelial_specificity	results_final/stage_7_epithelial_specificity_donor_differences.tsv	48d48e987ea4cfe67d477ccf4c5bf7db2bee26bc4b9c612b9db2edd56764bb13	Stem_progenitor_SB_M12	NA	NA	NA	NA	NA	NA	NA	NA	NA	NA	NA	GSE132465	epithelial_specificity	NA	NA	NA	NA	NA	NA	NA	NA	NA	NA	NA	NA	NA	NA	NA	NA	NA	NA	NA	NA	NA	NA	NA	NA	NA	NA	NA	NA	NA	SMC01	0.31359204791857	2
epithelial_specificity	results_final/stage_7_epithelial_specificity_donor_differences.tsv	48d48e987ea4cfe67d477ccf4c5bf7db2bee26bc4b9c612b9db2edd56764bb13	Stem_progenitor_SB_M12	NA	NA	NA	NA	NA	NA	NA	NA	NA	NA	NA	GSE132465	epithelial_specificity	NA	NA	NA	NA	NA	NA	NA	NA	NA	NA	NA	NA	NA	NA	NA	NA	NA	NA	NA	NA	NA	NA	NA	NA	NA	NA	NA	NA	NA	SMC02	0.34422175860107	2
epithelial_specificity	results_final/stage_7_epithelial_specificity_donor_differences.tsv	48d48e987ea4cfe67d477ccf4c5bf7db2bee26bc4b9c612b9db2edd56764bb13	Stem_progenitor_SB_M12	NA	NA	NA	NA	NA	NA	NA	NA	NA	NA	NA	GSE132465	epithelial_specificity	NA	NA	NA	NA	NA	NA	NA	NA	NA	NA	NA	NA	NA	NA	NA	NA	NA	NA	NA	NA	NA	NA	NA	NA	NA	NA	NA	NA	NA	SMC03	0.178649832225857	2
epithelial_specificity	results_final/stage_7_epithelial_specificity_donor_differences.tsv	48d48e987ea4cfe67d477ccf4c5bf7db2bee26bc4b9c612b9db2edd56764bb13	Stem_progenitor_SB_M12	NA	NA	NA	NA	NA	NA	NA	NA	NA	NA	NA	GSE132465	epithelial_specificity	NA	NA	NA	NA	NA	NA	NA	NA	NA	NA	NA	NA	NA	NA	NA	NA	NA	NA	NA	NA	NA	NA	NA	NA	NA	NA	NA	NA	NA	SMC04	0.388136528153423	2
epithelial_specificity	results_final/stage_7_epithelial_specificity_donor_differences.tsv	48d48e987ea4cfe67d477ccf4c5bf7db2bee26bc4b9c612b9db2edd56764bb13	Stem_progenitor_SB_M12	NA	NA	NA	NA	NA	NA	NA	NA	NA	NA	NA	GSE132465	epithelial_specificity	NA	NA	NA	NA	NA	NA	NA	NA	NA	NA	NA	NA	NA	NA	NA	NA	NA	NA	NA	NA	NA	NA	NA	NA	NA	NA	NA	NA	NA	SMC05	0.364095450520253	1
epithelial_specificity	results_final/stage_7_epithelial_specificity_donor_differences.tsv	48d48e987ea4cfe67d477ccf4c5bf7db2bee26bc4b9c612b9db2edd56764bb13	Stem_progenitor_SB_M12	NA	NA	NA	NA	NA	NA	NA	NA	NA	NA	NA	GSE132465	epithelial_specificity	NA	NA	NA	NA	NA	NA	NA	NA	NA	NA	NA	NA	NA	NA	NA	NA	NA	NA	NA	NA	NA	NA	NA	NA	NA	NA	NA	NA	NA	SMC06	0.600170386484204	2
epithelial_specificity	results_final/stage_7_epithelial_specificity_donor_differences.tsv	48d48e987ea4cfe67d477ccf4c5bf7db2bee26bc4b9c612b9db2edd56764bb13	Stem_progenitor_SB_M12	NA	NA	NA	NA	NA	NA	NA	NA	NA	NA	NA	GSE132465	epithelial_specificity	NA	NA	NA	NA	NA	NA	NA	NA	NA	NA	NA	NA	NA	NA	NA	NA	NA	NA	NA	NA	NA	NA	NA	NA	NA	NA	NA	NA	NA	SMC07	0.112264878884482	2
epithelial_specificity	results_final/stage_7_epithelial_specificity_donor_differences.tsv	48d48e987ea4cfe67d477ccf4c5bf7db2bee26bc4b9c612b9db2edd56764bb13	Stem_progenitor_SB_M12	NA	NA	NA	NA	NA	NA	NA	NA	NA	NA	NA	GSE132465	epithelial_specificity	NA	NA	NA	NA	NA	NA	NA	NA	NA	NA	NA	NA	NA	NA	NA	NA	NA	NA	NA	NA	NA	NA	NA	NA	NA	NA	NA	NA	NA	SMC08	0.127983000495728	1
epithelial_specificity	results_final/stage_7_epithelial_specificity_donor_differences.tsv	48d48e987ea4cfe67d477ccf4c5bf7db2bee26bc4b9c612b9db2edd56764bb13	Stem_progenitor_SB_M12	NA	NA	NA	NA	NA	NA	NA	NA	NA	NA	NA	GSE132465	epithelial_specificity	NA	NA	NA	NA	NA	NA	NA	NA	NA	NA	NA	NA	NA	NA	NA	NA	NA	NA	NA	NA	NA	NA	NA	NA	NA	NA	NA	NA	NA	SMC09	0.494517801713304	2
epithelial_specificity	results_final/stage_7_epithelial_specificity_donor_differences.tsv	48d48e987ea4cfe67d477ccf4c5bf7db2bee26bc4b9c612b9db2edd56764bb13	Stem_progenitor_SB_M12	NA	NA	NA	NA	NA	NA	NA	NA	NA	NA	NA	GSE132465	epithelial_specificity	NA	NA	NA	NA	NA	NA	NA	NA	NA	NA	NA	NA	NA	NA	NA	NA	NA	NA	NA	NA	NA	NA	NA	NA	NA	NA	NA	NA	NA	SMC10	0.340192029623769	2
epithelial_specificity	results_final/stage_7_epithelial_specificity_donor_differences.tsv	48d48e987ea4cfe67d477ccf4c5bf7db2bee26bc4b9c612b9db2edd56764bb13	Stem_progenitor_SB_M12	NA	NA	NA	NA	NA	NA	NA	NA	NA	NA	NA	GSE132465	epithelial_specificity	NA	NA	NA	NA	NA	NA	NA	NA	NA	NA	NA	NA	NA	NA	NA	NA	NA	NA	NA	NA	NA	NA	NA	NA	NA	NA	NA	NA	NA	SMC11	0.114712168809006	1
epithelial_specificity	results_final/stage_7_epithelial_specificity_donor_differences.tsv	48d48e987ea4cfe67d477ccf4c5bf7db2bee26bc4b9c612b9db2edd56764bb13	Stem_progenitor_SB_M12	NA	NA	NA	NA	NA	NA	NA	NA	NA	NA	NA	GSE132465	epithelial_specificity	NA	NA	NA	NA	NA	NA	NA	NA	NA	NA	NA	NA	NA	NA	NA	NA	NA	NA	NA	NA	NA	NA	NA	NA	NA	NA	NA	NA	NA	SMC14	0.35129131600603	1
epithelial_specificity	results_final/stage_7_epithelial_specificity_donor_differences.tsv	48d48e987ea4cfe67d477ccf4c5bf7db2bee26bc4b9c612b9db2edd56764bb13	Stem_progenitor_SB_M12	NA	NA	NA	NA	NA	NA	NA	NA	NA	NA	NA	GSE132465	epithelial_specificity	NA	NA	NA	NA	NA	NA	NA	NA	NA	NA	NA	NA	NA	NA	NA	NA	NA	NA	NA	NA	NA	NA	NA	NA	NA	NA	NA	NA	NA	SMC15	0.546261151765326	1
epithelial_specificity	results_final/stage_7_epithelial_specificity_donor_differences.tsv	48d48e987ea4cfe67d477ccf4c5bf7db2bee26bc4b9c612b9db2edd56764bb13	Stem_progenitor_SB_M12	NA	NA	NA	NA	NA	NA	NA	NA	NA	NA	NA	GSE132465	epithelial_specificity	NA	NA	NA	NA	NA	NA	NA	NA	NA	NA	NA	NA	NA	NA	NA	NA	NA	NA	NA	NA	NA	NA	NA	NA	NA	NA	NA	NA	NA	SMC16	0.405018075832925	1
epithelial_specificity	results_final/stage_7_epithelial_specificity_donor_differences.tsv	48d48e987ea4cfe67d477ccf4c5bf7db2bee26bc4b9c612b9db2edd56764bb13	Stem_progenitor_SB_M12	NA	NA	NA	NA	NA	NA	NA	NA	NA	NA	NA	GSE132465	epithelial_specificity	NA	NA	NA	NA	NA	NA	NA	NA	NA	NA	NA	NA	NA	NA	NA	NA	NA	NA	NA	NA	NA	NA	NA	NA	NA	NA	NA	NA	NA	SMC17	0.367951375706719	1
epithelial_specificity	results_final/stage_7_epithelial_specificity_donor_differences.tsv	48d48e987ea4cfe67d477ccf4c5bf7db2bee26bc4b9c612b9db2edd56764bb13	Stem_progenitor_SB_M12	NA	NA	NA	NA	NA	NA	NA	NA	NA	NA	NA	GSE132465	epithelial_specificity	NA	NA	NA	NA	NA	NA	NA	NA	NA	NA	NA	NA	NA	NA	NA	NA	NA	NA	NA	NA	NA	NA	NA	NA	NA	NA	NA	NA	NA	SMC18	0.183619307477718	1
epithelial_specificity	results_final/stage_7_epithelial_specificity_donor_differences.tsv	48d48e987ea4cfe67d477ccf4c5bf7db2bee26bc4b9c612b9db2edd56764bb13	Stem_progenitor_SB_M12	NA	NA	NA	NA	NA	NA	NA	NA	NA	NA	NA	GSE132465	epithelial_specificity	NA	NA	NA	NA	NA	NA	NA	NA	NA	NA	NA	NA	NA	NA	NA	NA	NA	NA	NA	NA	NA	NA	NA	NA	NA	NA	NA	NA	NA	SMC19	0.478201923027567	1
epithelial_specificity	results_final/stage_7_epithelial_specificity_donor_differences.tsv	48d48e987ea4cfe67d477ccf4c5bf7db2bee26bc4b9c612b9db2edd56764bb13	Stem_progenitor_SB_M12	NA	NA	NA	NA	NA	NA	NA	NA	NA	NA	NA	GSE132465	epithelial_specificity	NA	NA	NA	NA	NA	NA	NA	NA	NA	NA	NA	NA	NA	NA	NA	NA	NA	NA	NA	NA	NA	NA	NA	NA	NA	NA	NA	NA	NA	SMC20	-0.0484937910917931	1
epithelial_specificity	results_final/stage_7_epithelial_specificity_donor_differences.tsv	48d48e987ea4cfe67d477ccf4c5bf7db2bee26bc4b9c612b9db2edd56764bb13	Stem_progenitor_SB_M12	NA	NA	NA	NA	NA	NA	NA	NA	NA	NA	NA	GSE132465	epithelial_specificity	NA	NA	NA	NA	NA	NA	NA	NA	NA	NA	NA	NA	NA	NA	NA	NA	NA	NA	NA	NA	NA	NA	NA	NA	NA	NA	NA	NA	NA	SMC21	0.254100791198448	1
epithelial_specificity	results_final/stage_7_epithelial_specificity_donor_differences.tsv	48d48e987ea4cfe67d477ccf4c5bf7db2bee26bc4b9c612b9db2edd56764bb13	Stem_progenitor_SB_M12	NA	NA	NA	NA	NA	NA	NA	NA	NA	NA	NA	GSE132465	epithelial_specificity	NA	NA	NA	NA	NA	NA	NA	NA	NA	NA	NA	NA	NA	NA	NA	NA	NA	NA	NA	NA	NA	NA	NA	NA	NA	NA	NA	NA	NA	SMC22	0.218742378068307	1
epithelial_specificity	results_final/stage_7_epithelial_specificity_donor_differences.tsv	48d48e987ea4cfe67d477ccf4c5bf7db2bee26bc4b9c612b9db2edd56764bb13	Stem_progenitor_SB_M12	NA	NA	NA	NA	NA	NA	NA	NA	NA	NA	NA	GSE132465	epithelial_specificity	NA	NA	NA	NA	NA	NA	NA	NA	NA	NA	NA	NA	NA	NA	NA	NA	NA	NA	NA	NA	NA	NA	NA	NA	NA	NA	NA	NA	NA	SMC23	0.346953978524383	1
epithelial_specificity	results_final/stage_7_epithelial_specificity_donor_differences.tsv	48d48e987ea4cfe67d477ccf4c5bf7db2bee26bc4b9c612b9db2edd56764bb13	Stem_progenitor_SB_M12	NA	NA	NA	NA	NA	NA	NA	NA	NA	NA	NA	GSE132465	epithelial_specificity	NA	NA	NA	NA	NA	NA	NA	NA	NA	NA	NA	NA	NA	NA	NA	NA	NA	NA	NA	NA	NA	NA	NA	NA	NA	NA	NA	NA	NA	SMC24	0.513637157761828	1
epithelial_specificity	results_final/stage_7_epithelial_specificity_donor_differences.tsv	48d48e987ea4cfe67d477ccf4c5bf7db2bee26bc4b9c612b9db2edd56764bb13	Stem_progenitor_SB_M12	NA	NA	NA	NA	NA	NA	NA	NA	NA	NA	NA	GSE132465	epithelial_specificity	NA	NA	NA	NA	NA	NA	NA	NA	NA	NA	NA	NA	NA	NA	NA	NA	NA	NA	NA	NA	NA	NA	NA	NA	NA	NA	NA	NA	NA	SMC25	0.392580547263526	1
epithelial_specificity	results_final/stage_7_epithelial_specificity_donor_differences.tsv	48d48e987ea4cfe67d477ccf4c5bf7db2bee26bc4b9c612b9db2edd56764bb13	Stem_progenitor_SB_M16	NA	NA	NA	NA	NA	NA	NA	NA	NA	NA	NA	GSE132465	epithelial_specificity	NA	NA	NA	NA	NA	NA	NA	NA	NA	NA	NA	NA	NA	NA	NA	NA	NA	NA	NA	NA	NA	NA	NA	NA	NA	NA	NA	NA	NA	SMC01	0.455142049612728	2
epithelial_specificity	results_final/stage_7_epithelial_specificity_donor_differences.tsv	48d48e987ea4cfe67d477ccf4c5bf7db2bee26bc4b9c612b9db2edd56764bb13	Stem_progenitor_SB_M16	NA	NA	NA	NA	NA	NA	NA	NA	NA	NA	NA	GSE132465	epithelial_specificity	NA	NA	NA	NA	NA	NA	NA	NA	NA	NA	NA	NA	NA	NA	NA	NA	NA	NA	NA	NA	NA	NA	NA	NA	NA	NA	NA	NA	NA	SMC02	0.696647236379667	2
epithelial_specificity	results_final/stage_7_epithelial_specificity_donor_differences.tsv	48d48e987ea4cfe67d477ccf4c5bf7db2bee26bc4b9c612b9db2edd56764bb13	Stem_progenitor_SB_M16	NA	NA	NA	NA	NA	NA	NA	NA	NA	NA	NA	GSE132465	epithelial_specificity	NA	NA	NA	NA	NA	NA	NA	NA	NA	NA	NA	NA	NA	NA	NA	NA	NA	NA	NA	NA	NA	NA	NA	NA	NA	NA	NA	NA	NA	SMC03	0.413215352113673	2
epithelial_specificity	results_final/stage_7_epithelial_specificity_donor_differences.tsv	48d48e987ea4cfe67d477ccf4c5bf7db2bee26bc4b9c612b9db2edd56764bb13	Stem_progenitor_SB_M16	NA	NA	NA	NA	NA	NA	NA	NA	NA	NA	NA	GSE132465	epithelial_specificity	NA	NA	NA	NA	NA	NA	NA	NA	NA	NA	NA	NA	NA	NA	NA	NA	NA	NA	NA	NA	NA	NA	NA	NA	NA	NA	NA	NA	NA	SMC04	0.455146428354993	2
epithelial_specificity	results_final/stage_7_epithelial_specificity_donor_differences.tsv	48d48e987ea4cfe67d477ccf4c5bf7db2bee26bc4b9c612b9db2edd56764bb13	Stem_progenitor_SB_M16	NA	NA	NA	NA	NA	NA	NA	NA	NA	NA	NA	GSE132465	epithelial_specificity	NA	NA	NA	NA	NA	NA	NA	NA	NA	NA	NA	NA	NA	NA	NA	NA	NA	NA	NA	NA	NA	NA	NA	NA	NA	NA	NA	NA	NA	SMC05	0.156723120759724	1
epithelial_specificity	results_final/stage_7_epithelial_specificity_donor_differences.tsv	48d48e987ea4cfe67d477ccf4c5bf7db2bee26bc4b9c612b9db2edd56764bb13	Stem_progenitor_SB_M16	NA	NA	NA	NA	NA	NA	NA	NA	NA	NA	NA	GSE132465	epithelial_specificity	NA	NA	NA	NA	NA	NA	NA	NA	NA	NA	NA	NA	NA	NA	NA	NA	NA	NA	NA	NA	NA	NA	NA	NA	NA	NA	NA	NA	NA	SMC06	0.00956750038859078	2
epithelial_specificity	results_final/stage_7_epithelial_specificity_donor_differences.tsv	48d48e987ea4cfe67d477ccf4c5bf7db2bee26bc4b9c612b9db2edd56764bb13	Stem_progenitor_SB_M16	NA	NA	NA	NA	NA	NA	NA	NA	NA	NA	NA	GSE132465	epithelial_specificity	NA	NA	NA	NA	NA	NA	NA	NA	NA	NA	NA	NA	NA	NA	NA	NA	NA	NA	NA	NA	NA	NA	NA	NA	NA	NA	NA	NA	NA	SMC07	0.691816355613206	2
epithelial_specificity	results_final/stage_7_epithelial_specificity_donor_differences.tsv	48d48e987ea4cfe67d477ccf4c5bf7db2bee26bc4b9c612b9db2edd56764bb13	Stem_progenitor_SB_M16	NA	NA	NA	NA	NA	NA	NA	NA	NA	NA	NA	GSE132465	epithelial_specificity	NA	NA	NA	NA	NA	NA	NA	NA	NA	NA	NA	NA	NA	NA	NA	NA	NA	NA	NA	NA	NA	NA	NA	NA	NA	NA	NA	NA	NA	SMC08	0.993887864297192	1
epithelial_specificity	results_final/stage_7_epithelial_specificity_donor_differences.tsv	48d48e987ea4cfe67d477ccf4c5bf7db2bee26bc4b9c612b9db2edd56764bb13	Stem_progenitor_SB_M16	NA	NA	NA	NA	NA	NA	NA	NA	NA	NA	NA	GSE132465	epithelial_specificity	NA	NA	NA	NA	NA	NA	NA	NA	NA	NA	NA	NA	NA	NA	NA	NA	NA	NA	NA	NA	NA	NA	NA	NA	NA	NA	NA	NA	NA	SMC09	0.811921553509912	2
epithelial_specificity	results_final/stage_7_epithelial_specificity_donor_differences.tsv	48d48e987ea4cfe67d477ccf4c5bf7db2bee26bc4b9c612b9db2edd56764bb13	Stem_progenitor_SB_M16	NA	NA	NA	NA	NA	NA	NA	NA	NA	NA	NA	GSE132465	epithelial_specificity	NA	NA	NA	NA	NA	NA	NA	NA	NA	NA	NA	NA	NA	NA	NA	NA	NA	NA	NA	NA	NA	NA	NA	NA	NA	NA	NA	NA	NA	SMC10	0.652732797705423	2
epithelial_specificity	results_final/stage_7_epithelial_specificity_donor_differences.tsv	48d48e987ea4cfe67d477ccf4c5bf7db2bee26bc4b9c612b9db2edd56764bb13	Stem_progenitor_SB_M16	NA	NA	NA	NA	NA	NA	NA	NA	NA	NA	NA	GSE132465	epithelial_specificity	NA	NA	NA	NA	NA	NA	NA	NA	NA	NA	NA	NA	NA	NA	NA	NA	NA	NA	NA	NA	NA	NA	NA	NA	NA	NA	NA	NA	NA	SMC11	0.908768187992733	1
epithelial_specificity	results_final/stage_7_epithelial_specificity_donor_differences.tsv	48d48e987ea4cfe67d477ccf4c5bf7db2bee26bc4b9c612b9db2edd56764bb13	Stem_progenitor_SB_M16	NA	NA	NA	NA	NA	NA	NA	NA	NA	NA	NA	GSE132465	epithelial_specificity	NA	NA	NA	NA	NA	NA	NA	NA	NA	NA	NA	NA	NA	NA	NA	NA	NA	NA	NA	NA	NA	NA	NA	NA	NA	NA	NA	NA	NA	SMC14	0.529548946512317	1
epithelial_specificity	results_final/stage_7_epithelial_specificity_donor_differences.tsv	48d48e987ea4cfe67d477ccf4c5bf7db2bee26bc4b9c612b9db2edd56764bb13	Stem_progenitor_SB_M16	NA	NA	NA	NA	NA	NA	NA	NA	NA	NA	NA	GSE132465	epithelial_specificity	NA	NA	NA	NA	NA	NA	NA	NA	NA	NA	NA	NA	NA	NA	NA	NA	NA	NA	NA	NA	NA	NA	NA	NA	NA	NA	NA	NA	NA	SMC15	0.43962683952426	1
epithelial_specificity	results_final/stage_7_epithelial_specificity_donor_differences.tsv	48d48e987ea4cfe67d477ccf4c5bf7db2bee26bc4b9c612b9db2edd56764bb13	Stem_progenitor_SB_M16	NA	NA	NA	NA	NA	NA	NA	NA	NA	NA	NA	GSE132465	epithelial_specificity	NA	NA	NA	NA	NA	NA	NA	NA	NA	NA	NA	NA	NA	NA	NA	NA	NA	NA	NA	NA	NA	NA	NA	NA	NA	NA	NA	NA	NA	SMC16	0.867353486220955	1
epithelial_specificity	results_final/stage_7_epithelial_specificity_donor_differences.tsv	48d48e987ea4cfe67d477ccf4c5bf7db2bee26bc4b9c612b9db2edd56764bb13	Stem_progenitor_SB_M16	NA	NA	NA	NA	NA	NA	NA	NA	NA	NA	NA	GSE132465	epithelial_specificity	NA	NA	NA	NA	NA	NA	NA	NA	NA	NA	NA	NA	NA	NA	NA	NA	NA	NA	NA	NA	NA	NA	NA	NA	NA	NA	NA	NA	NA	SMC17	0.814105560889741	1
epithelial_specificity	results_final/stage_7_epithelial_specificity_donor_differences.tsv	48d48e987ea4cfe67d477ccf4c5bf7db2bee26bc4b9c612b9db2edd56764bb13	Stem_progenitor_SB_M16	NA	NA	NA	NA	NA	NA	NA	NA	NA	NA	NA	GSE132465	epithelial_specificity	NA	NA	NA	NA	NA	NA	NA	NA	NA	NA	NA	NA	NA	NA	NA	NA	NA	NA	NA	NA	NA	NA	NA	NA	NA	NA	NA	NA	NA	SMC18	0.994690929391918	1
epithelial_specificity	results_final/stage_7_epithelial_specificity_donor_differences.tsv	48d48e987ea4cfe67d477ccf4c5bf7db2bee26bc4b9c612b9db2edd56764bb13	Stem_progenitor_SB_M16	NA	NA	NA	NA	NA	NA	NA	NA	NA	NA	NA	GSE132465	epithelial_specificity	NA	NA	NA	NA	NA	NA	NA	NA	NA	NA	NA	NA	NA	NA	NA	NA	NA	NA	NA	NA	NA	NA	NA	NA	NA	NA	NA	NA	NA	SMC19	0.467906986266059	1
epithelial_specificity	results_final/stage_7_epithelial_specificity_donor_differences.tsv	48d48e987ea4cfe67d477ccf4c5bf7db2bee26bc4b9c612b9db2edd56764bb13	Stem_progenitor_SB_M16	NA	NA	NA	NA	NA	NA	NA	NA	NA	NA	NA	GSE132465	epithelial_specificity	NA	NA	NA	NA	NA	NA	NA	NA	NA	NA	NA	NA	NA	NA	NA	NA	NA	NA	NA	NA	NA	NA	NA	NA	NA	NA	NA	NA	NA	SMC20	0.545009550830188	1
epithelial_specificity	results_final/stage_7_epithelial_specificity_donor_differences.tsv	48d48e987ea4cfe67d477ccf4c5bf7db2bee26bc4b9c612b9db2edd56764bb13	Stem_progenitor_SB_M16	NA	NA	NA	NA	NA	NA	NA	NA	NA	NA	NA	GSE132465	epithelial_specificity	NA	NA	NA	NA	NA	NA	NA	NA	NA	NA	NA	NA	NA	NA	NA	NA	NA	NA	NA	NA	NA	NA	NA	NA	NA	NA	NA	NA	NA	SMC21	0.719765480432835	1
epithelial_specificity	results_final/stage_7_epithelial_specificity_donor_differences.tsv	48d48e987ea4cfe67d477ccf4c5bf7db2bee26bc4b9c612b9db2edd56764bb13	Stem_progenitor_SB_M16	NA	NA	NA	NA	NA	NA	NA	NA	NA	NA	NA	GSE132465	epithelial_specificity	NA	NA	NA	NA	NA	NA	NA	NA	NA	NA	NA	NA	NA	NA	NA	NA	NA	NA	NA	NA	NA	NA	NA	NA	NA	NA	NA	NA	NA	SMC22	0.887686744062849	1
epithelial_specificity	results_final/stage_7_epithelial_specificity_donor_differences.tsv	48d48e987ea4cfe67d477ccf4c5bf7db2bee26bc4b9c612b9db2edd56764bb13	Stem_progenitor_SB_M16	NA	NA	NA	NA	NA	NA	NA	NA	NA	NA	NA	GSE132465	epithelial_specificity	NA	NA	NA	NA	NA	NA	NA	NA	NA	NA	NA	NA	NA	NA	NA	NA	NA	NA	NA	NA	NA	NA	NA	NA	NA	NA	NA	NA	NA	SMC23	0.893429704205579	1
epithelial_specificity	results_final/stage_7_epithelial_specificity_donor_differences.tsv	48d48e987ea4cfe67d477ccf4c5bf7db2bee26bc4b9c612b9db2edd56764bb13	Stem_progenitor_SB_M16	NA	NA	NA	NA	NA	NA	NA	NA	NA	NA	NA	GSE132465	epithelial_specificity	NA	NA	NA	NA	NA	NA	NA	NA	NA	NA	NA	NA	NA	NA	NA	NA	NA	NA	NA	NA	NA	NA	NA	NA	NA	NA	NA	NA	NA	SMC24	0.550302693389694	1
epithelial_specificity	results_final/stage_7_epithelial_specificity_donor_differences.tsv	48d48e987ea4cfe67d477ccf4c5bf7db2bee26bc4b9c612b9db2edd56764bb13	Stem_progenitor_SB_M16	NA	NA	NA	NA	NA	NA	NA	NA	NA	NA	NA	GSE132465	epithelial_specificity	NA	NA	NA	NA	NA	NA	NA	NA	NA	NA	NA	NA	NA	NA	NA	NA	NA	NA	NA	NA	NA	NA	NA	NA	NA	NA	NA	NA	NA	SMC25	0.978454284388096	1
