section	source_file	source_sha256	dataset	scope	module_id	donor_id	normal_score	adenoma_score	difference	direction	contrast	effect	effect_unit	ci_low	ci_high	p_value	FDR	n_donors	donor_ids	inferential_unit	model	adjustment_set	direction_by_donor	status	audit_id	category	nested_unit	n_donors_or_units	degrees_of_freedom	model_or_formula	effect_definition	ci_and_p_algorithm	multiplicity_family	multiplicity_method	pairing_batch_covariates	audit_result	evidence	limitations
four_donor_effects	${SYSTEM_TEMP}/crc_stage11b_remote_source/GSE201348_module_donor_effects.tsv	914c154b608814c8a2fe2530a3d4db83597f5dda9cfe8214cccbb7d12c7243a1	GSE201348	All_epithelial	Stem_progenitor_SB_M02	A001	5.67336800837526	6.85673254578242	1.18336453740716	increased	NA	NA	NA	NA	NA	NA	NA	NA	NA	NA	NA	NA	NA	NA	NA	NA	NA	NA	NA	NA	NA	NA	NA	NA	NA	NA	NA	NA
four_donor_effects	${SYSTEM_TEMP}/crc_stage11b_remote_source/GSE201348_module_donor_effects.tsv	914c154b608814c8a2fe2530a3d4db83597f5dda9cfe8214cccbb7d12c7243a1	GSE201348	All_epithelial	Stem_progenitor_SB_M02	A002	5.46705262594233	7.05976034627139	1.59270772032905	increased	NA	NA	NA	NA	NA	NA	NA	NA	NA	NA	NA	NA	NA	NA	NA	NA	NA	NA	NA	NA	NA	NA	NA	NA	NA	NA	NA	NA
four_donor_effects	${SYSTEM_TEMP}/crc_stage11b_remote_source/GSE201348_module_donor_effects.tsv	914c154b608814c8a2fe2530a3d4db83597f5dda9cfe8214cccbb7d12c7243a1	GSE201348	All_epithelial	Stem_progenitor_SB_M02	A014	4.65508293543492	6.57203144214489	1.91694850670998	increased	NA	NA	NA	NA	NA	NA	NA	NA	NA	NA	NA	NA	NA	NA	NA	NA	NA	NA	NA	NA	NA	NA	NA	NA	NA	NA	NA	NA
four_donor_effects	${SYSTEM_TEMP}/crc_stage11b_remote_source/GSE201348_module_donor_effects.tsv	914c154b608814c8a2fe2530a3d4db83597f5dda9cfe8214cccbb7d12c7243a1	GSE201348	All_epithelial	Stem_progenitor_SB_M02	A015	5.86986281069599	6.28276417266495	0.41290136196896	increased	NA	NA	NA	NA	NA	NA	NA	NA	NA	NA	NA	NA	NA	NA	NA	NA	NA	NA	NA	NA	NA	NA	NA	NA	NA	NA	NA	NA
four_donor_effects	${SYSTEM_TEMP}/crc_stage11b_remote_source/GSE201348_module_donor_effects.tsv	914c154b608814c8a2fe2530a3d4db83597f5dda9cfe8214cccbb7d12c7243a1	GSE201348	All_epithelial	Cycling_SB_M01	A001	7.787949021183	6.97880548743239	-0.809143533750611	decreased	NA	NA	NA	NA	NA	NA	NA	NA	NA	NA	NA	NA	NA	NA	NA	NA	NA	NA	NA	NA	NA	NA	NA	NA	NA	NA	NA	NA
four_donor_effects	${SYSTEM_TEMP}/crc_stage11b_remote_source/GSE201348_module_donor_effects.tsv	914c154b608814c8a2fe2530a3d4db83597f5dda9cfe8214cccbb7d12c7243a1	GSE201348	All_epithelial	Cycling_SB_M01	A002	7.64987427301958	6.94664591982918	-0.703228353190394	decreased	NA	NA	NA	NA	NA	NA	NA	NA	NA	NA	NA	NA	NA	NA	NA	NA	NA	NA	NA	NA	NA	NA	NA	NA	NA	NA	NA	NA
four_donor_effects	${SYSTEM_TEMP}/crc_stage11b_remote_source/GSE201348_module_donor_effects.tsv	914c154b608814c8a2fe2530a3d4db83597f5dda9cfe8214cccbb7d12c7243a1	GSE201348	All_epithelial	Cycling_SB_M01	A014	7.98481452243118	6.35061406348709	-1.63420045894409	decreased	NA	NA	NA	NA	NA	NA	NA	NA	NA	NA	NA	NA	NA	NA	NA	NA	NA	NA	NA	NA	NA	NA	NA	NA	NA	NA	NA	NA
four_donor_effects	${SYSTEM_TEMP}/crc_stage11b_remote_source/GSE201348_module_donor_effects.tsv	914c154b608814c8a2fe2530a3d4db83597f5dda9cfe8214cccbb7d12c7243a1	GSE201348	All_epithelial	Cycling_SB_M01	A015	7.32085148832424	6.98831294034004	-0.332538547984201	decreased	NA	NA	NA	NA	NA	NA	NA	NA	NA	NA	NA	NA	NA	NA	NA	NA	NA	NA	NA	NA	NA	NA	NA	NA	NA	NA	NA	NA
four_donor_effects	${SYSTEM_TEMP}/crc_stage11b_remote_source/GSE201348_module_donor_effects.tsv	914c154b608814c8a2fe2530a3d4db83597f5dda9cfe8214cccbb7d12c7243a1	GSE201348	All_epithelial	Cycling_SB_M02	A001	4.9148082441935	5.67372593479702	0.758917690603519	increased	NA	NA	NA	NA	NA	NA	NA	NA	NA	NA	NA	NA	NA	NA	NA	NA	NA	NA	NA	NA	NA	NA	NA	NA	NA	NA	NA	NA
four_donor_effects	${SYSTEM_TEMP}/crc_stage11b_remote_source/GSE201348_module_donor_effects.tsv	914c154b608814c8a2fe2530a3d4db83597f5dda9cfe8214cccbb7d12c7243a1	GSE201348	All_epithelial	Cycling_SB_M02	A002	5.01675418522456	5.57987979324954	0.56312560802498	increased	NA	NA	NA	NA	NA	NA	NA	NA	NA	NA	NA	NA	NA	NA	NA	NA	NA	NA	NA	NA	NA	NA	NA	NA	NA	NA	NA	NA
four_donor_effects	${SYSTEM_TEMP}/crc_stage11b_remote_source/GSE201348_module_donor_effects.tsv	914c154b608814c8a2fe2530a3d4db83597f5dda9cfe8214cccbb7d12c7243a1	GSE201348	All_epithelial	Cycling_SB_M02	A014	4.39059674667871	6.38817378378223	1.99757703710352	increased	NA	NA	NA	NA	NA	NA	NA	NA	NA	NA	NA	NA	NA	NA	NA	NA	NA	NA	NA	NA	NA	NA	NA	NA	NA	NA	NA	NA
four_donor_effects	${SYSTEM_TEMP}/crc_stage11b_remote_source/GSE201348_module_donor_effects.tsv	914c154b608814c8a2fe2530a3d4db83597f5dda9cfe8214cccbb7d12c7243a1	GSE201348	All_epithelial	Cycling_SB_M02	A015	5.30051187513997	6.01719825911175	0.71668638397178	increased	NA	NA	NA	NA	NA	NA	NA	NA	NA	NA	NA	NA	NA	NA	NA	NA	NA	NA	NA	NA	NA	NA	NA	NA	NA	NA	NA	NA
four_donor_effects	${SYSTEM_TEMP}/crc_stage11b_remote_source/GSE201348_module_donor_effects.tsv	914c154b608814c8a2fe2530a3d4db83597f5dda9cfe8214cccbb7d12c7243a1	GSE201348	All_epithelial	Stem_progenitor_SB_M10	A001	4.66122514272678	5.40331383395783	0.742088691231055	increased	NA	NA	NA	NA	NA	NA	NA	NA	NA	NA	NA	NA	NA	NA	NA	NA	NA	NA	NA	NA	NA	NA	NA	NA	NA	NA	NA	NA
four_donor_effects	${SYSTEM_TEMP}/crc_stage11b_remote_source/GSE201348_module_donor_effects.tsv	914c154b608814c8a2fe2530a3d4db83597f5dda9cfe8214cccbb7d12c7243a1	GSE201348	All_epithelial	Stem_progenitor_SB_M10	A002	4.76654977944334	5.25845676235775	0.491906982914403	increased	NA	NA	NA	NA	NA	NA	NA	NA	NA	NA	NA	NA	NA	NA	NA	NA	NA	NA	NA	NA	NA	NA	NA	NA	NA	NA	NA	NA
four_donor_effects	${SYSTEM_TEMP}/crc_stage11b_remote_source/GSE201348_module_donor_effects.tsv	914c154b608814c8a2fe2530a3d4db83597f5dda9cfe8214cccbb7d12c7243a1	GSE201348	All_epithelial	Stem_progenitor_SB_M10	A014	4.17433434473975	6.22020963845846	2.04587529371871	increased	NA	NA	NA	NA	NA	NA	NA	NA	NA	NA	NA	NA	NA	NA	NA	NA	NA	NA	NA	NA	NA	NA	NA	NA	NA	NA	NA	NA
four_donor_effects	${SYSTEM_TEMP}/crc_stage11b_remote_source/GSE201348_module_donor_effects.tsv	914c154b608814c8a2fe2530a3d4db83597f5dda9cfe8214cccbb7d12c7243a1	GSE201348	All_epithelial	Stem_progenitor_SB_M10	A015	5.08108424112436	5.84466048637433	0.763576245249974	increased	NA	NA	NA	NA	NA	NA	NA	NA	NA	NA	NA	NA	NA	NA	NA	NA	NA	NA	NA	NA	NA	NA	NA	NA	NA	NA	NA	NA
four_donor_effects	${SYSTEM_TEMP}/crc_stage11b_remote_source/GSE201348_module_donor_effects.tsv	914c154b608814c8a2fe2530a3d4db83597f5dda9cfe8214cccbb7d12c7243a1	GSE201348	All_epithelial	Stem_progenitor_SB_M12	A001	4.97654299738174	5.61101132214959	0.634468324767859	increased	NA	NA	NA	NA	NA	NA	NA	NA	NA	NA	NA	NA	NA	NA	NA	NA	NA	NA	NA	NA	NA	NA	NA	NA	NA	NA	NA	NA
four_donor_effects	${SYSTEM_TEMP}/crc_stage11b_remote_source/GSE201348_module_donor_effects.tsv	914c154b608814c8a2fe2530a3d4db83597f5dda9cfe8214cccbb7d12c7243a1	GSE201348	All_epithelial	Stem_progenitor_SB_M12	A002	6.04279983985579	6.61571019949543	0.572910359639636	increased	NA	NA	NA	NA	NA	NA	NA	NA	NA	NA	NA	NA	NA	NA	NA	NA	NA	NA	NA	NA	NA	NA	NA	NA	NA	NA	NA	NA
four_donor_effects	${SYSTEM_TEMP}/crc_stage11b_remote_source/GSE201348_module_donor_effects.tsv	914c154b608814c8a2fe2530a3d4db83597f5dda9cfe8214cccbb7d12c7243a1	GSE201348	All_epithelial	Stem_progenitor_SB_M12	A014	4.47878911156141	5.80752777888907	1.32873866732767	increased	NA	NA	NA	NA	NA	NA	NA	NA	NA	NA	NA	NA	NA	NA	NA	NA	NA	NA	NA	NA	NA	NA	NA	NA	NA	NA	NA	NA
four_donor_effects	${SYSTEM_TEMP}/crc_stage11b_remote_source/GSE201348_module_donor_effects.tsv	914c154b608814c8a2fe2530a3d4db83597f5dda9cfe8214cccbb7d12c7243a1	GSE201348	All_epithelial	Stem_progenitor_SB_M12	A015	5.62816524792603	6.13597739551626	0.507812147590226	increased	NA	NA	NA	NA	NA	NA	NA	NA	NA	NA	NA	NA	NA	NA	NA	NA	NA	NA	NA	NA	NA	NA	NA	NA	NA	NA	NA	NA
four_donor_effects	${SYSTEM_TEMP}/crc_stage11b_remote_source/GSE201348_module_donor_effects.tsv	914c154b608814c8a2fe2530a3d4db83597f5dda9cfe8214cccbb7d12c7243a1	GSE201348	All_epithelial	Stem_progenitor_SB_M16	A001	3.49752899553681	4.17329448251633	0.675765486979522	increased	NA	NA	NA	NA	NA	NA	NA	NA	NA	NA	NA	NA	NA	NA	NA	NA	NA	NA	NA	NA	NA	NA	NA	NA	NA	NA	NA	NA
four_donor_effects	${SYSTEM_TEMP}/crc_stage11b_remote_source/GSE201348_module_donor_effects.tsv	914c154b608814c8a2fe2530a3d4db83597f5dda9cfe8214cccbb7d12c7243a1	GSE201348	All_epithelial	Stem_progenitor_SB_M16	A002	3.57878936944121	4.2433425649411	0.664553195499889	increased	NA	NA	NA	NA	NA	NA	NA	NA	NA	NA	NA	NA	NA	NA	NA	NA	NA	NA	NA	NA	NA	NA	NA	NA	NA	NA	NA	NA
four_donor_effects	${SYSTEM_TEMP}/crc_stage11b_remote_source/GSE201348_module_donor_effects.tsv	914c154b608814c8a2fe2530a3d4db83597f5dda9cfe8214cccbb7d12c7243a1	GSE201348	All_epithelial	Stem_progenitor_SB_M16	A014	3.00052762857367	4.43091699896222	1.43038937038854	increased	NA	NA	NA	NA	NA	NA	NA	NA	NA	NA	NA	NA	NA	NA	NA	NA	NA	NA	NA	NA	NA	NA	NA	NA	NA	NA	NA	NA
four_donor_effects	${SYSTEM_TEMP}/crc_stage11b_remote_source/GSE201348_module_donor_effects.tsv	914c154b608814c8a2fe2530a3d4db83597f5dda9cfe8214cccbb7d12c7243a1	GSE201348	All_epithelial	Stem_progenitor_SB_M16	A015	3.52976844992172	4.26829045947955	0.738522009557834	increased	NA	NA	NA	NA	NA	NA	NA	NA	NA	NA	NA	NA	NA	NA	NA	NA	NA	NA	NA	NA	NA	NA	NA	NA	NA	NA	NA	NA
four_donor_effects	${SYSTEM_TEMP}/crc_stage11b_remote_source/GSE201348_module_donor_effects.tsv	914c154b608814c8a2fe2530a3d4db83597f5dda9cfe8214cccbb7d12c7243a1	GSE201348	Stem_progenitor	Stem_progenitor_SB_M02	A001	6.51559402122642	7.44279287622478	0.927198854998366	increased	NA	NA	NA	NA	NA	NA	NA	NA	NA	NA	NA	NA	NA	NA	NA	NA	NA	NA	NA	NA	NA	NA	NA	NA	NA	NA	NA	NA
four_donor_effects	${SYSTEM_TEMP}/crc_stage11b_remote_source/GSE201348_module_donor_effects.tsv	914c154b608814c8a2fe2530a3d4db83597f5dda9cfe8214cccbb7d12c7243a1	GSE201348	Stem_progenitor	Stem_progenitor_SB_M02	A002	6.76430418556944	7.44651843018063	0.682214244611188	increased	NA	NA	NA	NA	NA	NA	NA	NA	NA	NA	NA	NA	NA	NA	NA	NA	NA	NA	NA	NA	NA	NA	NA	NA	NA	NA	NA	NA
four_donor_effects	${SYSTEM_TEMP}/crc_stage11b_remote_source/GSE201348_module_donor_effects.tsv	914c154b608814c8a2fe2530a3d4db83597f5dda9cfe8214cccbb7d12c7243a1	GSE201348	Stem_progenitor	Stem_progenitor_SB_M02	A014	5.62505207727138	6.91085621929146	1.28580414202007	increased	NA	NA	NA	NA	NA	NA	NA	NA	NA	NA	NA	NA	NA	NA	NA	NA	NA	NA	NA	NA	NA	NA	NA	NA	NA	NA	NA	NA
four_donor_effects	${SYSTEM_TEMP}/crc_stage11b_remote_source/GSE201348_module_donor_effects.tsv	914c154b608814c8a2fe2530a3d4db83597f5dda9cfe8214cccbb7d12c7243a1	GSE201348	Stem_progenitor	Stem_progenitor_SB_M02	A015	6.74123471472497	6.9599994283955	0.21876471367053	increased	NA	NA	NA	NA	NA	NA	NA	NA	NA	NA	NA	NA	NA	NA	NA	NA	NA	NA	NA	NA	NA	NA	NA	NA	NA	NA	NA	NA
four_donor_effects	${SYSTEM_TEMP}/crc_stage11b_remote_source/GSE201348_module_donor_effects.tsv	914c154b608814c8a2fe2530a3d4db83597f5dda9cfe8214cccbb7d12c7243a1	GSE201348	Stem_progenitor	Cycling_SB_M01	A001	7.60420967696995	6.98458068001586	-0.619628996954086	decreased	NA	NA	NA	NA	NA	NA	NA	NA	NA	NA	NA	NA	NA	NA	NA	NA	NA	NA	NA	NA	NA	NA	NA	NA	NA	NA	NA	NA
four_donor_effects	${SYSTEM_TEMP}/crc_stage11b_remote_source/GSE201348_module_donor_effects.tsv	914c154b608814c8a2fe2530a3d4db83597f5dda9cfe8214cccbb7d12c7243a1	GSE201348	Stem_progenitor	Cycling_SB_M01	A002	7.49979198196656	6.88389476173666	-0.615897220229903	decreased	NA	NA	NA	NA	NA	NA	NA	NA	NA	NA	NA	NA	NA	NA	NA	NA	NA	NA	NA	NA	NA	NA	NA	NA	NA	NA	NA	NA
four_donor_effects	${SYSTEM_TEMP}/crc_stage11b_remote_source/GSE201348_module_donor_effects.tsv	914c154b608814c8a2fe2530a3d4db83597f5dda9cfe8214cccbb7d12c7243a1	GSE201348	Stem_progenitor	Cycling_SB_M01	A014	7.86621497990783	6.36444413910044	-1.5017708408074	decreased	NA	NA	NA	NA	NA	NA	NA	NA	NA	NA	NA	NA	NA	NA	NA	NA	NA	NA	NA	NA	NA	NA	NA	NA	NA	NA	NA	NA
four_donor_effects	${SYSTEM_TEMP}/crc_stage11b_remote_source/GSE201348_module_donor_effects.tsv	914c154b608814c8a2fe2530a3d4db83597f5dda9cfe8214cccbb7d12c7243a1	GSE201348	Stem_progenitor	Cycling_SB_M01	A015	7.07717330614804	6.80190507490415	-0.275268231243889	decreased	NA	NA	NA	NA	NA	NA	NA	NA	NA	NA	NA	NA	NA	NA	NA	NA	NA	NA	NA	NA	NA	NA	NA	NA	NA	NA	NA	NA
four_donor_effects	${SYSTEM_TEMP}/crc_stage11b_remote_source/GSE201348_module_donor_effects.tsv	914c154b608814c8a2fe2530a3d4db83597f5dda9cfe8214cccbb7d12c7243a1	GSE201348	Stem_progenitor	Cycling_SB_M02	A001	5.08530159795952	5.85818030213923	0.77287870417971	increased	NA	NA	NA	NA	NA	NA	NA	NA	NA	NA	NA	NA	NA	NA	NA	NA	NA	NA	NA	NA	NA	NA	NA	NA	NA	NA	NA	NA
four_donor_effects	${SYSTEM_TEMP}/crc_stage11b_remote_source/GSE201348_module_donor_effects.tsv	914c154b608814c8a2fe2530a3d4db83597f5dda9cfe8214cccbb7d12c7243a1	GSE201348	Stem_progenitor	Cycling_SB_M02	A002	5.21042367458237	5.79460601683809	0.584182342255715	increased	NA	NA	NA	NA	NA	NA	NA	NA	NA	NA	NA	NA	NA	NA	NA	NA	NA	NA	NA	NA	NA	NA	NA	NA	NA	NA	NA	NA
four_donor_effects	${SYSTEM_TEMP}/crc_stage11b_remote_source/GSE201348_module_donor_effects.tsv	914c154b608814c8a2fe2530a3d4db83597f5dda9cfe8214cccbb7d12c7243a1	GSE201348	Stem_progenitor	Cycling_SB_M02	A014	4.72856484790608	6.37728987170321	1.64872502379713	increased	NA	NA	NA	NA	NA	NA	NA	NA	NA	NA	NA	NA	NA	NA	NA	NA	NA	NA	NA	NA	NA	NA	NA	NA	NA	NA	NA	NA
four_donor_effects	${SYSTEM_TEMP}/crc_stage11b_remote_source/GSE201348_module_donor_effects.tsv	914c154b608814c8a2fe2530a3d4db83597f5dda9cfe8214cccbb7d12c7243a1	GSE201348	Stem_progenitor	Cycling_SB_M02	A015	5.59450145371752	6.38384043383092	0.789338980113393	increased	NA	NA	NA	NA	NA	NA	NA	NA	NA	NA	NA	NA	NA	NA	NA	NA	NA	NA	NA	NA	NA	NA	NA	NA	NA	NA	NA	NA
four_donor_effects	${SYSTEM_TEMP}/crc_stage11b_remote_source/GSE201348_module_donor_effects.tsv	914c154b608814c8a2fe2530a3d4db83597f5dda9cfe8214cccbb7d12c7243a1	GSE201348	Stem_progenitor	Stem_progenitor_SB_M10	A001	4.8274681595708	5.57030333152113	0.74283517195033	increased	NA	NA	NA	NA	NA	NA	NA	NA	NA	NA	NA	NA	NA	NA	NA	NA	NA	NA	NA	NA	NA	NA	NA	NA	NA	NA	NA	NA
four_donor_effects	${SYSTEM_TEMP}/crc_stage11b_remote_source/GSE201348_module_donor_effects.tsv	914c154b608814c8a2fe2530a3d4db83597f5dda9cfe8214cccbb7d12c7243a1	GSE201348	Stem_progenitor	Stem_progenitor_SB_M10	A002	4.91412930095492	5.45795328269337	0.543823981738456	increased	NA	NA	NA	NA	NA	NA	NA	NA	NA	NA	NA	NA	NA	NA	NA	NA	NA	NA	NA	NA	NA	NA	NA	NA	NA	NA	NA	NA
four_donor_effects	${SYSTEM_TEMP}/crc_stage11b_remote_source/GSE201348_module_donor_effects.tsv	914c154b608814c8a2fe2530a3d4db83597f5dda9cfe8214cccbb7d12c7243a1	GSE201348	Stem_progenitor	Stem_progenitor_SB_M10	A014	4.51338354044548	6.21640932299545	1.70302578254997	increased	NA	NA	NA	NA	NA	NA	NA	NA	NA	NA	NA	NA	NA	NA	NA	NA	NA	NA	NA	NA	NA	NA	NA	NA	NA	NA	NA	NA
four_donor_effects	${SYSTEM_TEMP}/crc_stage11b_remote_source/GSE201348_module_donor_effects.tsv	914c154b608814c8a2fe2530a3d4db83597f5dda9cfe8214cccbb7d12c7243a1	GSE201348	Stem_progenitor	Stem_progenitor_SB_M10	A015	5.37232766161578	6.19002980549723	0.817702143881455	increased	NA	NA	NA	NA	NA	NA	NA	NA	NA	NA	NA	NA	NA	NA	NA	NA	NA	NA	NA	NA	NA	NA	NA	NA	NA	NA	NA	NA
four_donor_effects	${SYSTEM_TEMP}/crc_stage11b_remote_source/GSE201348_module_donor_effects.tsv	914c154b608814c8a2fe2530a3d4db83597f5dda9cfe8214cccbb7d12c7243a1	GSE201348	Stem_progenitor	Stem_progenitor_SB_M12	A001	5.01189476444764	5.86091570773776	0.849020943290116	increased	NA	NA	NA	NA	NA	NA	NA	NA	NA	NA	NA	NA	NA	NA	NA	NA	NA	NA	NA	NA	NA	NA	NA	NA	NA	NA	NA	NA
four_donor_effects	${SYSTEM_TEMP}/crc_stage11b_remote_source/GSE201348_module_donor_effects.tsv	914c154b608814c8a2fe2530a3d4db83597f5dda9cfe8214cccbb7d12c7243a1	GSE201348	Stem_progenitor	Stem_progenitor_SB_M12	A002	6.33548032559375	6.9336166093102	0.598136283716447	increased	NA	NA	NA	NA	NA	NA	NA	NA	NA	NA	NA	NA	NA	NA	NA	NA	NA	NA	NA	NA	NA	NA	NA	NA	NA	NA	NA	NA
four_donor_effects	${SYSTEM_TEMP}/crc_stage11b_remote_source/GSE201348_module_donor_effects.tsv	914c154b608814c8a2fe2530a3d4db83597f5dda9cfe8214cccbb7d12c7243a1	GSE201348	Stem_progenitor	Stem_progenitor_SB_M12	A014	4.84563892697627	5.90337562913086	1.05773670215459	increased	NA	NA	NA	NA	NA	NA	NA	NA	NA	NA	NA	NA	NA	NA	NA	NA	NA	NA	NA	NA	NA	NA	NA	NA	NA	NA	NA	NA
four_donor_effects	${SYSTEM_TEMP}/crc_stage11b_remote_source/GSE201348_module_donor_effects.tsv	914c154b608814c8a2fe2530a3d4db83597f5dda9cfe8214cccbb7d12c7243a1	GSE201348	Stem_progenitor	Stem_progenitor_SB_M12	A015	6.0079619776235	6.60117738394056	0.593215406317062	increased	NA	NA	NA	NA	NA	NA	NA	NA	NA	NA	NA	NA	NA	NA	NA	NA	NA	NA	NA	NA	NA	NA	NA	NA	NA	NA	NA	NA
four_donor_effects	${SYSTEM_TEMP}/crc_stage11b_remote_source/GSE201348_module_donor_effects.tsv	914c154b608814c8a2fe2530a3d4db83597f5dda9cfe8214cccbb7d12c7243a1	GSE201348	Stem_progenitor	Stem_progenitor_SB_M16	A001	3.81471693253285	4.37900626706945	0.5642893345366	increased	NA	NA	NA	NA	NA	NA	NA	NA	NA	NA	NA	NA	NA	NA	NA	NA	NA	NA	NA	NA	NA	NA	NA	NA	NA	NA	NA	NA
four_donor_effects	${SYSTEM_TEMP}/crc_stage11b_remote_source/GSE201348_module_donor_effects.tsv	914c154b608814c8a2fe2530a3d4db83597f5dda9cfe8214cccbb7d12c7243a1	GSE201348	Stem_progenitor	Stem_progenitor_SB_M16	A002	3.64586304065512	4.47260312746728	0.826740086812156	increased	NA	NA	NA	NA	NA	NA	NA	NA	NA	NA	NA	NA	NA	NA	NA	NA	NA	NA	NA	NA	NA	NA	NA	NA	NA	NA	NA	NA
four_donor_effects	${SYSTEM_TEMP}/crc_stage11b_remote_source/GSE201348_module_donor_effects.tsv	914c154b608814c8a2fe2530a3d4db83597f5dda9cfe8214cccbb7d12c7243a1	GSE201348	Stem_progenitor	Stem_progenitor_SB_M16	A014	3.31955503531621	4.50958037746241	1.1900253421462	increased	NA	NA	NA	NA	NA	NA	NA	NA	NA	NA	NA	NA	NA	NA	NA	NA	NA	NA	NA	NA	NA	NA	NA	NA	NA	NA	NA	NA
four_donor_effects	${SYSTEM_TEMP}/crc_stage11b_remote_source/GSE201348_module_donor_effects.tsv	914c154b608814c8a2fe2530a3d4db83597f5dda9cfe8214cccbb7d12c7243a1	GSE201348	Stem_progenitor	Stem_progenitor_SB_M16	A015	3.84965877098657	4.58911528432908	0.739456513342509	increased	NA	NA	NA	NA	NA	NA	NA	NA	NA	NA	NA	NA	NA	NA	NA	NA	NA	NA	NA	NA	NA	NA	NA	NA	NA	NA	NA	NA
locked_module_results	${SYSTEM_TEMP}/crc_stage11b_remote_source/stage10C_locked_module_results.tsv	3d18119a4c82d397b12dbc7d7a4390e118ef9bba01289e2436a4233955da95f8	GSE201348	All_epithelial	Stem_progenitor_SB_M02	NA	NA	NA	NA	NA	FAP_adenoma_vs_normal	1.27648053160379	mean_locked_gene_log2CPM_difference	0.243353678578395	2.30960738462918	0.0292897628100523	0.0585795256201046	4	A001;A002;A014;A015	donor	paired_t_on_donor_module_score_differences	within_donor_pair	A001:increased;A002:increased;A014:increased;A015:increased	estimated	NA	NA	NA	NA	NA	NA	NA	NA	NA	NA	NA	NA	NA	NA
locked_module_results	${SYSTEM_TEMP}/crc_stage11b_remote_source/stage10C_locked_module_results.tsv	3d18119a4c82d397b12dbc7d7a4390e118ef9bba01289e2436a4233955da95f8	GSE201348	All_epithelial	Cycling_SB_M01	NA	NA	NA	NA	NA	FAP_adenoma_vs_normal	-0.869777723467325	mean_locked_gene_log2CPM_difference	-1.74344630176108	0.00389085482643163	0.0505478311297269	0.0633066016470706	4	A001;A002;A014;A015	donor	paired_t_on_donor_module_score_differences	within_donor_pair	A001:decreased;A002:decreased;A014:decreased;A015:decreased	estimated	NA	NA	NA	NA	NA	NA	NA	NA	NA	NA	NA	NA	NA	NA
locked_module_results	${SYSTEM_TEMP}/crc_stage11b_remote_source/stage10C_locked_module_results.tsv	3d18119a4c82d397b12dbc7d7a4390e118ef9bba01289e2436a4233955da95f8	GSE201348	All_epithelial	Cycling_SB_M02	NA	NA	NA	NA	NA	FAP_adenoma_vs_normal	1.00907667992595	mean_locked_gene_log2CPM_difference	-0.0480500871590142	2.06620344701091	0.0559648535312322	0.0633066016470706	4	A001;A002;A014;A015	donor	paired_t_on_donor_module_score_differences	within_donor_pair	A001:increased;A002:increased;A014:increased;A015:increased	estimated	NA	NA	NA	NA	NA	NA	NA	NA	NA	NA	NA	NA	NA	NA
locked_module_results	${SYSTEM_TEMP}/crc_stage11b_remote_source/stage10C_locked_module_results.tsv	3d18119a4c82d397b12dbc7d7a4390e118ef9bba01289e2436a4233955da95f8	GSE201348	All_epithelial	Stem_progenitor_SB_M10	NA	NA	NA	NA	NA	FAP_adenoma_vs_normal	1.01086180327854	mean_locked_gene_log2CPM_difference	-0.104492239254628	2.1262158458117	0.0633066016470706	0.0633066016470706	4	A001;A002;A014;A015	donor	paired_t_on_donor_module_score_differences	within_donor_pair	A001:increased;A002:increased;A014:increased;A015:increased	estimated	NA	NA	NA	NA	NA	NA	NA	NA	NA	NA	NA	NA	NA	NA
locked_module_results	${SYSTEM_TEMP}/crc_stage11b_remote_source/stage10C_locked_module_results.tsv	3d18119a4c82d397b12dbc7d7a4390e118ef9bba01289e2436a4233955da95f8	GSE201348	All_epithelial	Stem_progenitor_SB_M12	NA	NA	NA	NA	NA	FAP_adenoma_vs_normal	0.760982374831347	mean_locked_gene_log2CPM_difference	0.153102321530164	1.36886242813253	0.0283039320671867	0.0585795256201046	4	A001;A002;A014;A015	donor	paired_t_on_donor_module_score_differences	within_donor_pair	A001:increased;A002:increased;A014:increased;A015:increased	estimated	NA	NA	NA	NA	NA	NA	NA	NA	NA	NA	NA	NA	NA	NA
locked_module_results	${SYSTEM_TEMP}/crc_stage11b_remote_source/stage10C_locked_module_results.tsv	3d18119a4c82d397b12dbc7d7a4390e118ef9bba01289e2436a4233955da95f8	GSE201348	All_epithelial	Stem_progenitor_SB_M16	NA	NA	NA	NA	NA	FAP_adenoma_vs_normal	0.877307515606446	mean_locked_gene_log2CPM_difference	0.288308042491291	1.4663069887216	0.0178045153960314	0.0585795256201046	4	A001;A002;A014;A015	donor	paired_t_on_donor_module_score_differences	within_donor_pair	A001:increased;A002:increased;A014:increased;A015:increased	estimated	NA	NA	NA	NA	NA	NA	NA	NA	NA	NA	NA	NA	NA	NA
locked_module_results	${SYSTEM_TEMP}/crc_stage11b_remote_source/stage10C_locked_module_results.tsv	3d18119a4c82d397b12dbc7d7a4390e118ef9bba01289e2436a4233955da95f8	GSE201348	Stem_progenitor	Stem_progenitor_SB_M02	NA	NA	NA	NA	NA	FAP_adenoma_vs_normal	0.778495488825039	mean_locked_gene_log2CPM_difference	0.0656681391579635	1.49132283849212	0.0401823051904483	0.048218766228538	4	A001;A002;A014;A015	donor	paired_t_on_donor_module_score_differences	within_donor_pair	A001:increased;A002:increased;A014:increased;A015:increased	estimated	NA	NA	NA	NA	NA	NA	NA	NA	NA	NA	NA	NA	NA	NA
locked_module_results	${SYSTEM_TEMP}/crc_stage11b_remote_source/stage10C_locked_module_results.tsv	3d18119a4c82d397b12dbc7d7a4390e118ef9bba01289e2436a4233955da95f8	GSE201348	Stem_progenitor	Cycling_SB_M01	NA	NA	NA	NA	NA	FAP_adenoma_vs_normal	-0.753141322308819	mean_locked_gene_log2CPM_difference	-1.5878236073631	0.0815409627454605	0.0639691755432982	0.0639691755432982	4	A001;A002;A014;A015	donor	paired_t_on_donor_module_score_differences	within_donor_pair	A001:decreased;A002:decreased;A014:decreased;A015:decreased	estimated	NA	NA	NA	NA	NA	NA	NA	NA	NA	NA	NA	NA	NA	NA
locked_module_results	${SYSTEM_TEMP}/crc_stage11b_remote_source/stage10C_locked_module_results.tsv	3d18119a4c82d397b12dbc7d7a4390e118ef9bba01289e2436a4233955da95f8	GSE201348	Stem_progenitor	Cycling_SB_M02	NA	NA	NA	NA	NA	FAP_adenoma_vs_normal	0.948781262586488	mean_locked_gene_log2CPM_difference	0.191643691996602	1.70591883317637	0.0282299620384353	0.048218766228538	4	A001;A002;A014;A015	donor	paired_t_on_donor_module_score_differences	within_donor_pair	A001:increased;A002:increased;A014:increased;A015:increased	estimated	NA	NA	NA	NA	NA	NA	NA	NA	NA	NA	NA	NA	NA	NA
locked_module_results	${SYSTEM_TEMP}/crc_stage11b_remote_source/stage10C_locked_module_results.tsv	3d18119a4c82d397b12dbc7d7a4390e118ef9bba01289e2436a4233955da95f8	GSE201348	Stem_progenitor	Stem_progenitor_SB_M10	NA	NA	NA	NA	NA	FAP_adenoma_vs_normal	0.951846770030053	mean_locked_gene_log2CPM_difference	0.134037978535696	1.76965556152441	0.0341820599062411	0.048218766228538	4	A001;A002;A014;A015	donor	paired_t_on_donor_module_score_differences	within_donor_pair	A001:increased;A002:increased;A014:increased;A015:increased	estimated	NA	NA	NA	NA	NA	NA	NA	NA	NA	NA	NA	NA	NA	NA
locked_module_results	${SYSTEM_TEMP}/crc_stage11b_remote_source/stage10C_locked_module_results.tsv	3d18119a4c82d397b12dbc7d7a4390e118ef9bba01289e2436a4233955da95f8	GSE201348	Stem_progenitor	Stem_progenitor_SB_M12	NA	NA	NA	NA	NA	FAP_adenoma_vs_normal	0.774527333869554	mean_locked_gene_log2CPM_difference	0.419021987398299	1.13003268034081	0.00615195285507154	0.0242524281671928	4	A001;A002;A014;A015	donor	paired_t_on_donor_module_score_differences	within_donor_pair	A001:increased;A002:increased;A014:increased;A015:increased	estimated	NA	NA	NA	NA	NA	NA	NA	NA	NA	NA	NA	NA	NA	NA
locked_module_results	${SYSTEM_TEMP}/crc_stage11b_remote_source/stage10C_locked_module_results.tsv	3d18119a4c82d397b12dbc7d7a4390e118ef9bba01289e2436a4233955da95f8	GSE201348	Stem_progenitor	Stem_progenitor_SB_M16	NA	NA	NA	NA	NA	FAP_adenoma_vs_normal	0.830127819209366	mean_locked_gene_log2CPM_difference	0.410707344509493	1.24954829390924	0.00808414272239759	0.0242524281671928	4	A001;A002;A014;A015	donor	paired_t_on_donor_module_score_differences	within_donor_pair	A001:increased;A002:increased;A014:increased;A015:increased	estimated	NA	NA	NA	NA	NA	NA	NA	NA	NA	NA	NA	NA	NA	NA
locked_module_results	${SYSTEM_TEMP}/crc_stage11b_remote_source/stage10C_locked_module_results.tsv	3d18119a4c82d397b12dbc7d7a4390e118ef9bba01289e2436a4233955da95f8	GSE201348	All_epithelial	Stem_progenitor_SB_M02	NA	NA	NA	NA	NA	sporadic_adenoma_vs_normal	NA	mean_locked_gene_log2CPM_difference	NA	NA	NA	NA	0	NA	donor	not_run	NA	NA	not_estimable_no_pathology_confirmed_sporadic_adenoma	NA	NA	NA	NA	NA	NA	NA	NA	NA	NA	NA	NA	NA	NA
locked_module_results	${SYSTEM_TEMP}/crc_stage11b_remote_source/stage10C_locked_module_results.tsv	3d18119a4c82d397b12dbc7d7a4390e118ef9bba01289e2436a4233955da95f8	GSE201348	All_epithelial	Stem_progenitor_SB_M02	NA	NA	NA	NA	NA	stage_by_FAP_interaction	NA	interaction_log2CPM_difference	NA	NA	NA	NA	7	A001;A002;A014;A015;B001;B004;F	donor	not_run	NA	NA	not_run_interaction_design_cell_requirement_failed	NA	NA	NA	NA	NA	NA	NA	NA	NA	NA	NA	NA	NA	NA
locked_module_results	${SYSTEM_TEMP}/crc_stage11b_remote_source/stage10C_locked_module_results.tsv	3d18119a4c82d397b12dbc7d7a4390e118ef9bba01289e2436a4233955da95f8	GSE201348	All_epithelial	Cycling_SB_M01	NA	NA	NA	NA	NA	sporadic_adenoma_vs_normal	NA	mean_locked_gene_log2CPM_difference	NA	NA	NA	NA	0	NA	donor	not_run	NA	NA	not_estimable_no_pathology_confirmed_sporadic_adenoma	NA	NA	NA	NA	NA	NA	NA	NA	NA	NA	NA	NA	NA	NA
locked_module_results	${SYSTEM_TEMP}/crc_stage11b_remote_source/stage10C_locked_module_results.tsv	3d18119a4c82d397b12dbc7d7a4390e118ef9bba01289e2436a4233955da95f8	GSE201348	All_epithelial	Cycling_SB_M01	NA	NA	NA	NA	NA	stage_by_FAP_interaction	NA	interaction_log2CPM_difference	NA	NA	NA	NA	7	A001;A002;A014;A015;B001;B004;F	donor	not_run	NA	NA	not_run_interaction_design_cell_requirement_failed	NA	NA	NA	NA	NA	NA	NA	NA	NA	NA	NA	NA	NA	NA
locked_module_results	${SYSTEM_TEMP}/crc_stage11b_remote_source/stage10C_locked_module_results.tsv	3d18119a4c82d397b12dbc7d7a4390e118ef9bba01289e2436a4233955da95f8	GSE201348	All_epithelial	Cycling_SB_M02	NA	NA	NA	NA	NA	sporadic_adenoma_vs_normal	NA	mean_locked_gene_log2CPM_difference	NA	NA	NA	NA	0	NA	donor	not_run	NA	NA	not_estimable_no_pathology_confirmed_sporadic_adenoma	NA	NA	NA	NA	NA	NA	NA	NA	NA	NA	NA	NA	NA	NA
locked_module_results	${SYSTEM_TEMP}/crc_stage11b_remote_source/stage10C_locked_module_results.tsv	3d18119a4c82d397b12dbc7d7a4390e118ef9bba01289e2436a4233955da95f8	GSE201348	All_epithelial	Cycling_SB_M02	NA	NA	NA	NA	NA	stage_by_FAP_interaction	NA	interaction_log2CPM_difference	NA	NA	NA	NA	7	A001;A002;A014;A015;B001;B004;F	donor	not_run	NA	NA	not_run_interaction_design_cell_requirement_failed	NA	NA	NA	NA	NA	NA	NA	NA	NA	NA	NA	NA	NA	NA
locked_module_results	${SYSTEM_TEMP}/crc_stage11b_remote_source/stage10C_locked_module_results.tsv	3d18119a4c82d397b12dbc7d7a4390e118ef9bba01289e2436a4233955da95f8	GSE201348	All_epithelial	Stem_progenitor_SB_M10	NA	NA	NA	NA	NA	sporadic_adenoma_vs_normal	NA	mean_locked_gene_log2CPM_difference	NA	NA	NA	NA	0	NA	donor	not_run	NA	NA	not_estimable_no_pathology_confirmed_sporadic_adenoma	NA	NA	NA	NA	NA	NA	NA	NA	NA	NA	NA	NA	NA	NA
locked_module_results	${SYSTEM_TEMP}/crc_stage11b_remote_source/stage10C_locked_module_results.tsv	3d18119a4c82d397b12dbc7d7a4390e118ef9bba01289e2436a4233955da95f8	GSE201348	All_epithelial	Stem_progenitor_SB_M10	NA	NA	NA	NA	NA	stage_by_FAP_interaction	NA	interaction_log2CPM_difference	NA	NA	NA	NA	7	A001;A002;A014;A015;B001;B004;F	donor	not_run	NA	NA	not_run_interaction_design_cell_requirement_failed	NA	NA	NA	NA	NA	NA	NA	NA	NA	NA	NA	NA	NA	NA
locked_module_results	${SYSTEM_TEMP}/crc_stage11b_remote_source/stage10C_locked_module_results.tsv	3d18119a4c82d397b12dbc7d7a4390e118ef9bba01289e2436a4233955da95f8	GSE201348	All_epithelial	Stem_progenitor_SB_M12	NA	NA	NA	NA	NA	sporadic_adenoma_vs_normal	NA	mean_locked_gene_log2CPM_difference	NA	NA	NA	NA	0	NA	donor	not_run	NA	NA	not_estimable_no_pathology_confirmed_sporadic_adenoma	NA	NA	NA	NA	NA	NA	NA	NA	NA	NA	NA	NA	NA	NA
locked_module_results	${SYSTEM_TEMP}/crc_stage11b_remote_source/stage10C_locked_module_results.tsv	3d18119a4c82d397b12dbc7d7a4390e118ef9bba01289e2436a4233955da95f8	GSE201348	All_epithelial	Stem_progenitor_SB_M12	NA	NA	NA	NA	NA	stage_by_FAP_interaction	NA	interaction_log2CPM_difference	NA	NA	NA	NA	7	A001;A002;A014;A015;B001;B004;F	donor	not_run	NA	NA	not_run_interaction_design_cell_requirement_failed	NA	NA	NA	NA	NA	NA	NA	NA	NA	NA	NA	NA	NA	NA
locked_module_results	${SYSTEM_TEMP}/crc_stage11b_remote_source/stage10C_locked_module_results.tsv	3d18119a4c82d397b12dbc7d7a4390e118ef9bba01289e2436a4233955da95f8	GSE201348	All_epithelial	Stem_progenitor_SB_M16	NA	NA	NA	NA	NA	sporadic_adenoma_vs_normal	NA	mean_locked_gene_log2CPM_difference	NA	NA	NA	NA	0	NA	donor	not_run	NA	NA	not_estimable_no_pathology_confirmed_sporadic_adenoma	NA	NA	NA	NA	NA	NA	NA	NA	NA	NA	NA	NA	NA	NA
locked_module_results	${SYSTEM_TEMP}/crc_stage11b_remote_source/stage10C_locked_module_results.tsv	3d18119a4c82d397b12dbc7d7a4390e118ef9bba01289e2436a4233955da95f8	GSE201348	All_epithelial	Stem_progenitor_SB_M16	NA	NA	NA	NA	NA	stage_by_FAP_interaction	NA	interaction_log2CPM_difference	NA	NA	NA	NA	7	A001;A002;A014;A015;B001;B004;F	donor	not_run	NA	NA	not_run_interaction_design_cell_requirement_failed	NA	NA	NA	NA	NA	NA	NA	NA	NA	NA	NA	NA	NA	NA
locked_module_results	${SYSTEM_TEMP}/crc_stage11b_remote_source/stage10C_locked_module_results.tsv	3d18119a4c82d397b12dbc7d7a4390e118ef9bba01289e2436a4233955da95f8	GSE201348	Stem_progenitor	Stem_progenitor_SB_M02	NA	NA	NA	NA	NA	sporadic_adenoma_vs_normal	NA	mean_locked_gene_log2CPM_difference	NA	NA	NA	NA	0	NA	donor	not_run	NA	NA	not_estimable_no_pathology_confirmed_sporadic_adenoma	NA	NA	NA	NA	NA	NA	NA	NA	NA	NA	NA	NA	NA	NA
locked_module_results	${SYSTEM_TEMP}/crc_stage11b_remote_source/stage10C_locked_module_results.tsv	3d18119a4c82d397b12dbc7d7a4390e118ef9bba01289e2436a4233955da95f8	GSE201348	Stem_progenitor	Stem_progenitor_SB_M02	NA	NA	NA	NA	NA	stage_by_FAP_interaction	NA	interaction_log2CPM_difference	NA	NA	NA	NA	7	A001;A002;A014;A015;B001;B004;F	donor	not_run	NA	NA	not_run_interaction_design_cell_requirement_failed	NA	NA	NA	NA	NA	NA	NA	NA	NA	NA	NA	NA	NA	NA
locked_module_results	${SYSTEM_TEMP}/crc_stage11b_remote_source/stage10C_locked_module_results.tsv	3d18119a4c82d397b12dbc7d7a4390e118ef9bba01289e2436a4233955da95f8	GSE201348	Stem_progenitor	Cycling_SB_M01	NA	NA	NA	NA	NA	sporadic_adenoma_vs_normal	NA	mean_locked_gene_log2CPM_difference	NA	NA	NA	NA	0	NA	donor	not_run	NA	NA	not_estimable_no_pathology_confirmed_sporadic_adenoma	NA	NA	NA	NA	NA	NA	NA	NA	NA	NA	NA	NA	NA	NA
locked_module_results	${SYSTEM_TEMP}/crc_stage11b_remote_source/stage10C_locked_module_results.tsv	3d18119a4c82d397b12dbc7d7a4390e118ef9bba01289e2436a4233955da95f8	GSE201348	Stem_progenitor	Cycling_SB_M01	NA	NA	NA	NA	NA	stage_by_FAP_interaction	NA	interaction_log2CPM_difference	NA	NA	NA	NA	7	A001;A002;A014;A015;B001;B004;F	donor	not_run	NA	NA	not_run_interaction_design_cell_requirement_failed	NA	NA	NA	NA	NA	NA	NA	NA	NA	NA	NA	NA	NA	NA
locked_module_results	${SYSTEM_TEMP}/crc_stage11b_remote_source/stage10C_locked_module_results.tsv	3d18119a4c82d397b12dbc7d7a4390e118ef9bba01289e2436a4233955da95f8	GSE201348	Stem_progenitor	Cycling_SB_M02	NA	NA	NA	NA	NA	sporadic_adenoma_vs_normal	NA	mean_locked_gene_log2CPM_difference	NA	NA	NA	NA	0	NA	donor	not_run	NA	NA	not_estimable_no_pathology_confirmed_sporadic_adenoma	NA	NA	NA	NA	NA	NA	NA	NA	NA	NA	NA	NA	NA	NA
locked_module_results	${SYSTEM_TEMP}/crc_stage11b_remote_source/stage10C_locked_module_results.tsv	3d18119a4c82d397b12dbc7d7a4390e118ef9bba01289e2436a4233955da95f8	GSE201348	Stem_progenitor	Cycling_SB_M02	NA	NA	NA	NA	NA	stage_by_FAP_interaction	NA	interaction_log2CPM_difference	NA	NA	NA	NA	7	A001;A002;A014;A015;B001;B004;F	donor	not_run	NA	NA	not_run_interaction_design_cell_requirement_failed	NA	NA	NA	NA	NA	NA	NA	NA	NA	NA	NA	NA	NA	NA
locked_module_results	${SYSTEM_TEMP}/crc_stage11b_remote_source/stage10C_locked_module_results.tsv	3d18119a4c82d397b12dbc7d7a4390e118ef9bba01289e2436a4233955da95f8	GSE201348	Stem_progenitor	Stem_progenitor_SB_M10	NA	NA	NA	NA	NA	sporadic_adenoma_vs_normal	NA	mean_locked_gene_log2CPM_difference	NA	NA	NA	NA	0	NA	donor	not_run	NA	NA	not_estimable_no_pathology_confirmed_sporadic_adenoma	NA	NA	NA	NA	NA	NA	NA	NA	NA	NA	NA	NA	NA	NA
locked_module_results	${SYSTEM_TEMP}/crc_stage11b_remote_source/stage10C_locked_module_results.tsv	3d18119a4c82d397b12dbc7d7a4390e118ef9bba01289e2436a4233955da95f8	GSE201348	Stem_progenitor	Stem_progenitor_SB_M10	NA	NA	NA	NA	NA	stage_by_FAP_interaction	NA	interaction_log2CPM_difference	NA	NA	NA	NA	7	A001;A002;A014;A015;B001;B004;F	donor	not_run	NA	NA	not_run_interaction_design_cell_requirement_failed	NA	NA	NA	NA	NA	NA	NA	NA	NA	NA	NA	NA	NA	NA
locked_module_results	${SYSTEM_TEMP}/crc_stage11b_remote_source/stage10C_locked_module_results.tsv	3d18119a4c82d397b12dbc7d7a4390e118ef9bba01289e2436a4233955da95f8	GSE201348	Stem_progenitor	Stem_progenitor_SB_M12	NA	NA	NA	NA	NA	sporadic_adenoma_vs_normal	NA	mean_locked_gene_log2CPM_difference	NA	NA	NA	NA	0	NA	donor	not_run	NA	NA	not_estimable_no_pathology_confirmed_sporadic_adenoma	NA	NA	NA	NA	NA	NA	NA	NA	NA	NA	NA	NA	NA	NA
locked_module_results	${SYSTEM_TEMP}/crc_stage11b_remote_source/stage10C_locked_module_results.tsv	3d18119a4c82d397b12dbc7d7a4390e118ef9bba01289e2436a4233955da95f8	GSE201348	Stem_progenitor	Stem_progenitor_SB_M12	NA	NA	NA	NA	NA	stage_by_FAP_interaction	NA	interaction_log2CPM_difference	NA	NA	NA	NA	7	A001;A002;A014;A015;B001;B004;F	donor	not_run	NA	NA	not_run_interaction_design_cell_requirement_failed	NA	NA	NA	NA	NA	NA	NA	NA	NA	NA	NA	NA	NA	NA
locked_module_results	${SYSTEM_TEMP}/crc_stage11b_remote_source/stage10C_locked_module_results.tsv	3d18119a4c82d397b12dbc7d7a4390e118ef9bba01289e2436a4233955da95f8	GSE201348	Stem_progenitor	Stem_progenitor_SB_M16	NA	NA	NA	NA	NA	sporadic_adenoma_vs_normal	NA	mean_locked_gene_log2CPM_difference	NA	NA	NA	NA	0	NA	donor	not_run	NA	NA	not_estimable_no_pathology_confirmed_sporadic_adenoma	NA	NA	NA	NA	NA	NA	NA	NA	NA	NA	NA	NA	NA	NA
locked_module_results	${SYSTEM_TEMP}/crc_stage11b_remote_source/stage10C_locked_module_results.tsv	3d18119a4c82d397b12dbc7d7a4390e118ef9bba01289e2436a4233955da95f8	GSE201348	Stem_progenitor	Stem_progenitor_SB_M16	NA	NA	NA	NA	NA	stage_by_FAP_interaction	NA	interaction_log2CPM_difference	NA	NA	NA	NA	7	A001;A002;A014;A015;B001;B004;F	donor	not_run	NA	NA	not_run_interaction_design_cell_requirement_failed	NA	NA	NA	NA	NA	NA	NA	NA	NA	NA	NA	NA	NA	NA
locked_module_results	${SYSTEM_TEMP}/crc_stage11b_remote_source/stage10C_locked_module_results.tsv	3d18119a4c82d397b12dbc7d7a4390e118ef9bba01289e2436a4233955da95f8	GSE161277	Epithelial	Cycling_SB_M01	NA	NA	NA	NA	NA	paired_normal_to_adenoma	-0.42336159512059	donor_module_score_difference	-1.38022625730435	0.53350306706317	0.197264339452006	0.284444695163678	3	Patient1;Patient2;Patient3	donor	paired_t_on_three_donor_differences	within_donor_pair	Patient1:decreased;Patient2:decreased;Patient3:increased	estimated_existing_locked_stage7_result	NA	NA	NA	NA	NA	NA	NA	NA	NA	NA	NA	NA	NA	NA
locked_module_results	${SYSTEM_TEMP}/crc_stage11b_remote_source/stage10C_locked_module_results.tsv	3d18119a4c82d397b12dbc7d7a4390e118ef9bba01289e2436a4233955da95f8	GSE161277	Epithelial	Cycling_SB_M02	NA	NA	NA	NA	NA	paired_normal_to_adenoma	0.244369473741394	donor_module_score_difference	-0.303519335720649	0.792258283203437	0.194976612318929	0.284444695163678	3	Patient1;Patient2;Patient3	donor	paired_t_on_three_donor_differences	within_donor_pair	Patient1:increased;Patient2:decreased;Patient3:increased	estimated_existing_locked_stage7_result	NA	NA	NA	NA	NA	NA	NA	NA	NA	NA	NA	NA	NA	NA
locked_module_results	${SYSTEM_TEMP}/crc_stage11b_remote_source/stage10C_locked_module_results.tsv	3d18119a4c82d397b12dbc7d7a4390e118ef9bba01289e2436a4233955da95f8	GSE161277	Epithelial	Stem_progenitor_SB_M02	NA	NA	NA	NA	NA	paired_normal_to_adenoma	1.64533236894036	donor_module_score_difference	0.592406218166863	2.69825851971386	0.0214135805203572	0.128481483122143	3	Patient1;Patient2;Patient3	donor	paired_t_on_three_donor_differences	within_donor_pair	Patient1:increased;Patient2:increased;Patient3:increased	estimated_existing_locked_stage7_result	NA	NA	NA	NA	NA	NA	NA	NA	NA	NA	NA	NA	NA	NA
locked_module_results	${SYSTEM_TEMP}/crc_stage11b_remote_source/stage10C_locked_module_results.tsv	3d18119a4c82d397b12dbc7d7a4390e118ef9bba01289e2436a4233955da95f8	GSE161277	Epithelial	Stem_progenitor_SB_M10	NA	NA	NA	NA	NA	paired_normal_to_adenoma	0.296852914075654	donor_module_score_difference	-0.468372071011639	1.06207789916295	0.237037245969732	0.284444695163678	3	Patient1;Patient2;Patient3	donor	paired_t_on_three_donor_differences	within_donor_pair	Patient1:increased;Patient2:decreased;Patient3:increased	estimated_existing_locked_stage7_result	NA	NA	NA	NA	NA	NA	NA	NA	NA	NA	NA	NA	NA	NA
locked_module_results	${SYSTEM_TEMP}/crc_stage11b_remote_source/stage10C_locked_module_results.tsv	3d18119a4c82d397b12dbc7d7a4390e118ef9bba01289e2436a4233955da95f8	GSE161277	Epithelial	Stem_progenitor_SB_M12	NA	NA	NA	NA	NA	paired_normal_to_adenoma	0.170337630096262	donor_module_score_difference	-0.550341858136689	0.891017118329213	0.416176205436284	0.416176205436284	3	Patient1;Patient2;Patient3	donor	paired_t_on_three_donor_differences	within_donor_pair	Patient1:decreased;Patient2:increased;Patient3:increased	estimated_existing_locked_stage7_result	NA	NA	NA	NA	NA	NA	NA	NA	NA	NA	NA	NA	NA	NA
locked_module_results	${SYSTEM_TEMP}/crc_stage11b_remote_source/stage10C_locked_module_results.tsv	3d18119a4c82d397b12dbc7d7a4390e118ef9bba01289e2436a4233955da95f8	GSE161277	Epithelial	Stem_progenitor_SB_M16	NA	NA	NA	NA	NA	paired_normal_to_adenoma	0.853727013849376	donor_module_score_difference	-0.433455511515265	2.14090953921402	0.10398860468533	0.284444695163678	3	Patient1;Patient2;Patient3	donor	paired_t_on_three_donor_differences	within_donor_pair	Patient1:increased;Patient2:increased;Patient3:increased	estimated_existing_locked_stage7_result	NA	NA	NA	NA	NA	NA	NA	NA	NA	NA	NA	NA	NA	NA
locked_module_results	${SYSTEM_TEMP}/crc_stage11b_remote_source/stage10C_locked_module_results.tsv	3d18119a4c82d397b12dbc7d7a4390e118ef9bba01289e2436a4233955da95f8	GSE200997	Epithelial_or_Stem_progenitor_not_available	Stem_progenitor_SB_M02	NA	NA	NA	NA	NA	tumor_vs_adjacent_normal_cancer_endpoint	NA	NA	NA	NA	NA	NA	0	NA	donor	not_run	NA	NA	not_estimable_no_independent_epithelial_or_stem_state_annotation_and_FAP_unreported	NA	NA	NA	NA	NA	NA	NA	NA	NA	NA	NA	NA	NA	NA
locked_module_results	${SYSTEM_TEMP}/crc_stage11b_remote_source/stage10C_locked_module_results.tsv	3d18119a4c82d397b12dbc7d7a4390e118ef9bba01289e2436a4233955da95f8	GSE200997	Epithelial_or_Stem_progenitor_not_available	Cycling_SB_M01	NA	NA	NA	NA	NA	tumor_vs_adjacent_normal_cancer_endpoint	NA	NA	NA	NA	NA	NA	0	NA	donor	not_run	NA	NA	not_estimable_no_independent_epithelial_or_stem_state_annotation_and_FAP_unreported	NA	NA	NA	NA	NA	NA	NA	NA	NA	NA	NA	NA	NA	NA
locked_module_results	${SYSTEM_TEMP}/crc_stage11b_remote_source/stage10C_locked_module_results.tsv	3d18119a4c82d397b12dbc7d7a4390e118ef9bba01289e2436a4233955da95f8	GSE200997	Epithelial_or_Stem_progenitor_not_available	Cycling_SB_M02	NA	NA	NA	NA	NA	tumor_vs_adjacent_normal_cancer_endpoint	NA	NA	NA	NA	NA	NA	0	NA	donor	not_run	NA	NA	not_estimable_no_independent_epithelial_or_stem_state_annotation_and_FAP_unreported	NA	NA	NA	NA	NA	NA	NA	NA	NA	NA	NA	NA	NA	NA
locked_module_results	${SYSTEM_TEMP}/crc_stage11b_remote_source/stage10C_locked_module_results.tsv	3d18119a4c82d397b12dbc7d7a4390e118ef9bba01289e2436a4233955da95f8	GSE200997	Epithelial_or_Stem_progenitor_not_available	Stem_progenitor_SB_M10	NA	NA	NA	NA	NA	tumor_vs_adjacent_normal_cancer_endpoint	NA	NA	NA	NA	NA	NA	0	NA	donor	not_run	NA	NA	not_estimable_no_independent_epithelial_or_stem_state_annotation_and_FAP_unreported	NA	NA	NA	NA	NA	NA	NA	NA	NA	NA	NA	NA	NA	NA
locked_module_results	${SYSTEM_TEMP}/crc_stage11b_remote_source/stage10C_locked_module_results.tsv	3d18119a4c82d397b12dbc7d7a4390e118ef9bba01289e2436a4233955da95f8	GSE200997	Epithelial_or_Stem_progenitor_not_available	Stem_progenitor_SB_M12	NA	NA	NA	NA	NA	tumor_vs_adjacent_normal_cancer_endpoint	NA	NA	NA	NA	NA	NA	0	NA	donor	not_run	NA	NA	not_estimable_no_independent_epithelial_or_stem_state_annotation_and_FAP_unreported	NA	NA	NA	NA	NA	NA	NA	NA	NA	NA	NA	NA	NA	NA
locked_module_results	${SYSTEM_TEMP}/crc_stage11b_remote_source/stage10C_locked_module_results.tsv	3d18119a4c82d397b12dbc7d7a4390e118ef9bba01289e2436a4233955da95f8	GSE200997	Epithelial_or_Stem_progenitor_not_available	Stem_progenitor_SB_M16	NA	NA	NA	NA	NA	tumor_vs_adjacent_normal_cancer_endpoint	NA	NA	NA	NA	NA	NA	0	NA	donor	not_run	NA	NA	not_estimable_no_independent_epithelial_or_stem_state_annotation_and_FAP_unreported	NA	NA	NA	NA	NA	NA	NA	NA	NA	NA	NA	NA	NA	NA
multiplicity_and_model_audit	results/stage10c/STAGE10C_STATISTICAL_AUDIT.tsv	8b86196fc64ce8cb0fc871e727021c50c6a1316f3cc369353ed83aa959954e1b	GSE201348	All_epithelial;Stem_progenitor	NA	NA	NA	NA	NA	NA	normal;adenoma	NA	NA	NA	NA	NA	NA	NA	NA	donor	NA	NA	NA	PASS	A01	input_structure	cell;library;tissue	22 donor-stage-scope pseudobulks	NA	raw counts summed by scope||donor||stage	one raw-count aggregate per donor-stage-scope	NA	NA	NA	technical replicates and tissues aggregated before inference	72 libraries map to 70 biological samples; 2 technical-replicate biological samples; all 22 pseudobulks eligible	GSE201348_patient_sample_audit.tsv;GSE201348_technical_replicate_audit.tsv;GSE201348_pseudobulk_manifest.tsv	F-prefix patient relationship remains uncertain but does not enter the paired four-donor M02 estimate
multiplicity_and_model_audit	results/stage10c/STAGE10C_STATISTICAL_AUDIT.tsv	8b86196fc64ce8cb0fc871e727021c50c6a1316f3cc369353ed83aa959954e1b	GSE201348	All_epithelial;Stem_progenitor	NA	NA	NA	NA	NA	NA	FAP_adenoma_vs_normal	NA	NA	NA	NA	NA	NA	NA	NA	donor	NA	NA	NA	PASS	A02	pseudoreplication	cell;library;tissue	4 paired donors per scope	3 for module paired t	paired one-sample t test on donor differences	mean of donor-level adenoma minus normal module-score differences	t interval and two-sided t test	NA	NA	within-donor pairing; no cell-level or library-level significance	no cell or spot used as an independent replicate; patient-level inference throughout	scripts/10C_fap_confounding.R lines 187-228 and 412-474	no batch term beyond within-donor blocking
multiplicity_and_model_audit	results/stage10c/STAGE10C_STATISTICAL_AUDIT.tsv	8b86196fc64ce8cb0fc871e727021c50c6a1316f3cc369353ed83aa959954e1b	GSE201348	All_epithelial	NA	NA	NA	NA	NA	NA	FAP_adenoma_vs_normal	NA	NA	NA	NA	NA	NA	NA	NA	donor	NA	NA	NA	PASS	A03	module_model	cell;library;tissue	4 paired donors	3	paired t on donor module-score differences	mean locked-gene TMM log2CPM adenoma minus normal	t.test two-sided; t(3) 95% CI	6 locked modules in GSE201348|All_epithelial|FAP_adenoma_vs_normal	BH	donor pair only; no location or batch covariate	all 6 module rows independently recomputed; maximum absolute discrepancy 7.55e-15	GSE201348_module_donor_effects.tsv;stage10C_locked_module_results.tsv	small n; score normalization also included unpaired eligible donor-stage pseudobulks
multiplicity_and_model_audit	results/stage10c/STAGE10C_STATISTICAL_AUDIT.tsv	8b86196fc64ce8cb0fc871e727021c50c6a1316f3cc369353ed83aa959954e1b	GSE201348	All_epithelial	NA	NA	NA	NA	NA	NA	FAP_adenoma_vs_normal	NA	NA	NA	NA	NA	NA	NA	NA	donor	NA	NA	NA	PASS_WITH_LIMITATIONS	A04	frozen_M02_result	cell;library;tissue	4 paired donors	3	paired t on donor module-score differences	mean locked-gene TMM log2CPM adenoma minus normal	effect 1.27648053160379; CI 0.243353678578395 to 2.30960738462918; P 0.0292897628100523	FDR inputs 0.0292897628100523;0.0505478311297269;0.0559648535312322;0.0633066016470706;0.0283039320671867;0.0178045153960314	BH within six modules	paired donors A001;A002;A014;A015	recomputed mean 1.27648053160379; SD 0.649265850179548; SE 0.324632925089774; t 3.93207352966674; FDR 0.0585795256201046	stage10C_locked_module_results.tsv;GSE201348_module_donor_effects.tsv	trend-level only because module-family FDR exceeds 0.05
multiplicity_and_model_audit	results/stage10c/STAGE10C_STATISTICAL_AUDIT.tsv	8b86196fc64ce8cb0fc871e727021c50c6a1316f3cc369353ed83aa959954e1b	GSE201348	Stem_progenitor	NA	NA	NA	NA	NA	NA	FAP_adenoma_vs_normal	NA	NA	NA	NA	NA	NA	NA	NA	donor	NA	NA	NA	PASS	A05	module_model	cell;library;tissue	4 paired donors	3	paired t on donor module-score differences	mean locked-gene TMM log2CPM adenoma minus normal	t.test two-sided; t(3) 95% CI	6 locked modules in GSE201348|Stem_progenitor|FAP_adenoma_vs_normal	BH	donor pair only; no location or batch covariate	all 6 module rows independently recomputed; maximum absolute discrepancy 7.55e-15	GSE201348_module_donor_effects.tsv;stage10C_locked_module_results.tsv	small n and state assignment uncertainty
multiplicity_and_model_audit	results/stage10c/STAGE10C_STATISTICAL_AUDIT.tsv	8b86196fc64ce8cb0fc871e727021c50c6a1316f3cc369353ed83aa959954e1b	GSE201348	Stem_progenitor	NA	NA	NA	NA	NA	NA	FAP_adenoma_vs_normal	NA	NA	NA	NA	NA	NA	NA	NA	donor	NA	NA	NA	PASS_WITH_LIMITATIONS	A06	frozen_M02_result	cell;library;tissue	4 paired donors	3	paired t on donor module-score differences	mean locked-gene TMM log2CPM adenoma minus normal	effect 0.778495488825039; CI 0.0656681391579635 to 1.49132283849212; P 0.0401823051904483	FDR inputs 0.0401823051904483;0.0639691755432982;0.0282299620384353;0.0341820599062411;0.00615195285507154;0.00808414272239759	BH within six modules	paired donors A001;A002;A014;A015	recomputed mean 0.778495488825038; SD 0.447974470760805; SE 0.223987235380402; t 3.47562434753437; FDR 0.048218766228538	stage10C_locked_module_results.tsv;GSE201348_module_donor_effects.tsv	borderline exploratory support in only four paired patients
multiplicity_and_model_audit	results/stage10c/STAGE10C_STATISTICAL_AUDIT.tsv	8b86196fc64ce8cb0fc871e727021c50c6a1316f3cc369353ed83aa959954e1b	GSE201348	All_epithelial;Stem_progenitor	NA	NA	NA	NA	NA	NA	FAP_adenoma_vs_normal	NA	NA	NA	NA	NA	NA	NA	NA	donor	NA	NA	NA	PASS_WITH_LIMITATIONS	A07	LODO	cell;library;tissue	3 retained donors per fit	2	one omitted donor then paired t on retained differences	mean retained donor difference	t.test t(2) CI; no LODO P or FDR reported	48 prespecified LODO rows	none	one donor omitted per module and scope	all 48 effects and CIs independently recomputed; maximum absolute discrepancy 1.15e-14; M02 direction preserved in all 8 fits	GSE201348_module_LODO.tsv;GSE201348_module_donor_effects.tsv	most three-donor M02 intervals cross zero; direction stability is not significance
multiplicity_and_model_audit	results/stage10c/STAGE10C_STATISTICAL_AUDIT.tsv	8b86196fc64ce8cb0fc871e727021c50c6a1316f3cc369353ed83aa959954e1b	GSE201348	All_epithelial	NA	NA	NA	NA	NA	NA	FAP_adenoma_vs_normal	NA	NA	NA	NA	NA	NA	NA	NA	donor	NA	NA	NA	PASS_WITH_LIMITATIONS	A08	gene_model	cell;library;tissue	4 paired donors;8 pseudobulks	3 residual before empirical Bayes	~ donor_id + stage; edgeR TMM; filterByExpr; limma-voom; robust eBayes	stageadenoma log2FC	moderated t; CI uses gene-specific fit df.total	17867 tested genes in this scope and contrast	BH	paired donor fixed effects; no batch or location covariate	all 17867 reported FDR values recomputed from saved P values; maximum absolute discrepancy 1.61e-15	GSE201348_gene_results.tsv;scripts/10C_fap_confounding.R lines 359-395	exact gene-specific moderated df.total was not saved in the result table
multiplicity_and_model_audit	results/stage10c/STAGE10C_STATISTICAL_AUDIT.tsv	8b86196fc64ce8cb0fc871e727021c50c6a1316f3cc369353ed83aa959954e1b	GSE201348	Stem_progenitor	NA	NA	NA	NA	NA	NA	FAP_adenoma_vs_normal	NA	NA	NA	NA	NA	NA	NA	NA	donor	NA	NA	NA	PASS_WITH_LIMITATIONS	A09	gene_model	cell;library;tissue	4 paired donors;8 pseudobulks	3 residual before empirical Bayes	~ donor_id + stage; edgeR TMM; filterByExpr; limma-voom; robust eBayes	stageadenoma log2FC	moderated t; CI uses gene-specific fit df.total	14306 tested genes in this scope and contrast	BH	paired donor fixed effects; no batch or location covariate	all 14306 reported FDR values recomputed from saved P values; maximum absolute discrepancy 1.72e-15	GSE201348_gene_results.tsv;scripts/10C_fap_confounding.R lines 359-395	exact gene-specific moderated df.total was not saved in the result table
multiplicity_and_model_audit	results/stage10c/STAGE10C_STATISTICAL_AUDIT.tsv	8b86196fc64ce8cb0fc871e727021c50c6a1316f3cc369353ed83aa959954e1b	GSE201348	All_epithelial;Stem_progenitor	NA	NA	NA	NA	NA	NA	FAP_adenoma_vs_normal	NA	NA	NA	NA	NA	NA	NA	NA	donor	NA	NA	NA	PASS	A10	score_definition	cell;library;tissue	all eligible donor-stage pseudobulks	NA	edgeR TMM then log2CPM with prior count 2; unweighted mean over mapped locked genes	module score is arithmetic mean of gene log2CPM	NA	NA	NA	normalization performed separately by scope; paired testing after scoring	all 36 M02 genes mapped; equal contribution; no outcome-based gene selection	GSE201348_locked_module_scores.tsv;scripts/10C_fap_confounding.R lines 244-263	score scale differs from historical Stage 7 gene-z score and must not be numerically pooled
multiplicity_and_model_audit	results/stage10c/STAGE10C_STATISTICAL_AUDIT.tsv	8b86196fc64ce8cb0fc871e727021c50c6a1316f3cc369353ed83aa959954e1b	GSE161277	Epithelial	NA	NA	NA	NA	NA	NA	paired_normal_to_adenoma	NA	NA	NA	NA	NA	NA	NA	NA	donor	NA	NA	NA	PASS_WITH_LIMITATIONS	A11	module_model	cell;library;tissue	3 matched donors	2	paired one-sample t test on saved Stage 7 donor differences	mean gene-z module score adenoma minus normal	t.test two-sided; t(2) 95% CI	6 locked modules in GSE161277|Epithelial|paired_normal_to_adenoma	BH	Patient1;Patient2;Patient3 paired; tissues pooled within donor-stage	all 6 module rows independently recomputed; maximum absolute discrepancy 3.33e-15	GSE161277_three_paired_donor_effects.tsv;stage10C_locked_module_results.tsv	same GSE161277 result already used in Stage 7; not new independent evidence
multiplicity_and_model_audit	results/stage10c/STAGE10C_STATISTICAL_AUDIT.tsv	8b86196fc64ce8cb0fc871e727021c50c6a1316f3cc369353ed83aa959954e1b	GSE161277	Epithelial	NA	NA	NA	NA	NA	NA	paired_normal_to_adenoma	NA	NA	NA	NA	NA	NA	NA	NA	donor	NA	NA	NA	PASS_WITH_LIMITATIONS	A12	frozen_M02_result	cell;library;tissue	3 matched donors	2	paired one-sample t test on saved Stage 7 donor differences	mean gene-z module score adenoma minus normal	effect 1.64533236894036; CI 0.592406218166863 to 2.69825851971386; P 0.0214135805203572	FDR inputs 0.197264339452006;0.194976612318929;0.0214135805203572;0.237037245969732;0.416176205436284;0.10398860468533	BH within six modules	within-donor paired differences	recomputed SD 0.423859814934175; SE 0.244715578250911; t 6.72344760681062; FDR 0.128481483122143; all 3 directions positive	GSE161277_three_paired_donor_effects.tsv;stage10C_locked_module_results.tsv	directional support only; BH FDR exceeds 0.05 and n is three
multiplicity_and_model_audit	results/stage10c/STAGE10C_STATISTICAL_AUDIT.tsv	8b86196fc64ce8cb0fc871e727021c50c6a1316f3cc369353ed83aa959954e1b	GSE201348	All_epithelial;Stem_progenitor	NA	NA	NA	NA	NA	NA	sporadic_adenoma_vs_normal	NA	NA	NA	NA	NA	NA	NA	NA	donor	NA	NA	NA	PASS_WITH_LIMITATIONS	A13	nonestimable_contrast	cell;library;tissue	0 pathology-confirmed sporadic adenoma donors	NA	not run	NA	NA	no estimable P-value family	none	A022 generic Polyp not promoted to adenoma	correctly reported not estimable rather than negative	stage10C_design_estimability.tsv;stage10C_locked_module_results.tsv	no sporadic initiation effect can be claimed
multiplicity_and_model_audit	results/stage10c/STAGE10C_STATISTICAL_AUDIT.tsv	8b86196fc64ce8cb0fc871e727021c50c6a1316f3cc369353ed83aa959954e1b	GSE201348	All_epithelial;Stem_progenitor	NA	NA	NA	NA	NA	NA	stage_by_FAP_interaction	NA	NA	NA	NA	NA	NA	NA	NA	donor	NA	NA	NA	PASS_WITH_LIMITATIONS	A14	nonestimable_interaction	cell;library;tissue	7 donor labels in eligible design inventory	NA	not run because nonFAP adenoma design cell has zero donors	NA	NA	no estimable P-value family	none	interaction requires at least two donors in every stage-by-FAP cell	correctly not forced	stage10C_design_estimability.tsv;stage10C_locked_module_results.tsv	F-prefix donor relationship uncertainty also limits design-cell counts but does not change the zero nonFAP adenoma cell
multiplicity_and_model_audit	results/stage10c/STAGE10C_STATISTICAL_AUDIT.tsv	8b86196fc64ce8cb0fc871e727021c50c6a1316f3cc369353ed83aa959954e1b	GSE200997	Epithelial_or_Stem_progenitor_not_available	NA	NA	NA	NA	NA	NA	tumor_vs_adjacent_normal_cancer_endpoint	NA	NA	NA	NA	NA	NA	NA	NA	donor	NA	NA	NA	PASS_WITH_LIMITATIONS	A15	external_reference	cell;library	0 evaluable state-specific donors	NA	not run	NA	NA	no estimable P-value family	none	no FAP covariate; no independent epithelial or Stem/progenitor state labels	correctly restricted to possible cancer endpoint only	GSE200997_cancer_endpoint_audit.tsv;stage10C_locked_module_results.tsv	cannot validate FAP or adenoma onset
multiplicity_and_model_audit	results/stage10c/STAGE10C_STATISTICAL_AUDIT.tsv	8b86196fc64ce8cb0fc871e727021c50c6a1316f3cc369353ed83aa959954e1b	GSE201348	All_epithelial;Stem_progenitor	NA	NA	NA	NA	NA	NA	FAP_adenoma_vs_normal	NA	NA	NA	NA	NA	NA	NA	NA	donor	NA	NA	NA	PASS_WITH_LIMITATIONS	A16	covariate_audit	cell;library;tissue	4 paired donors	3	module test has no explicit batch or location term	within-donor paired difference	t interval	NA	NA	pairing absorbs donor-constant covariates; raw counts from tissues and libraries pooled within donor-stage	no unmodeled cell-level degrees of freedom introduced	scripts/10C_fap_confounding.R;10C_fap_confounding_parameters.tsv	location; tissue composition; library batch; and individual APC variant are not modeled
multiplicity_and_model_audit	results/stage10c/STAGE10C_STATISTICAL_AUDIT.tsv	8b86196fc64ce8cb0fc871e727021c50c6a1316f3cc369353ed83aa959954e1b	GSE201348;GSE161277	NA	NA	NA	NA	NA	NA	NA	NA	NA	NA	NA	NA	NA	NA	NA	NA	dataset	NA	NA	NA	PASS_WITH_LIMITATIONS	A17	cohort_reuse	NA	2 named accessions	NA	evidence-accounting audit	NA	NA	NA	NA	GSE201348 is discovery/internal sensitivity; GSE161277 is one independent cohort	Stage10C adds a confounding audit but no new independent cohort	Stage 6A;Stage 7;Stage10C reports	repeated presentation must not increase evidence count
multiplicity_and_model_audit	results/stage10c/STAGE10C_STATISTICAL_AUDIT.tsv	8b86196fc64ce8cb0fc871e727021c50c6a1316f3cc369353ed83aa959954e1b	GSE201348;GSE161277	all reported scopes	NA	NA	NA	NA	NA	NA	all tested module contrasts	NA	NA	NA	NA	NA	NA	NA	NA	donor	NA	NA	NA	PASS	A18	result_selection	NA	6 locked modules	NA	all six locked modules retained in output	NA	NA	prespecified six-module families	BH	M02 priority was frozen before Stage10C results	no module was deleted or added after viewing results; all null and nonestimable rows remain	stage10C_locked_module_results.tsv;modules_locked.tsv	M02 remains post-hoc at Stage 6 origin despite prespecified Stage10C priority
multiplicity_and_model_audit	results/stage10c/STAGE10C_STATISTICAL_AUDIT.tsv	8b86196fc64ce8cb0fc871e727021c50c6a1316f3cc369353ed83aa959954e1b	GSE201348	All_epithelial;Stem_progenitor	NA	NA	NA	NA	NA	NA	design inventory	NA	NA	NA	NA	NA	NA	NA	NA	donor	NA	NA	NA	PASS_WITH_LIMITATIONS	A19	metadata_ambiguity	tissue	F007;F034;F072B;F091 collapsed to donor_id F	NA	source metadata mapping	NA	NA	NA	NA	conservative collapse before donor inference	public metadata used by Stage10C do not independently prove whether these are four lesions from one patient or separate FAP patients	GSE201348_patient_sample_audit.tsv;metadata/dataset_manifest.tsv	does not affect the four paired M02 donors; affects unpaired donor-count interpretation
multiplicity_and_model_audit	results/stage10c/STAGE10C_STATISTICAL_AUDIT.tsv	8b86196fc64ce8cb0fc871e727021c50c6a1316f3cc369353ed83aa959954e1b	GSE201348	NA	NA	NA	NA	NA	NA	NA	NA	NA	NA	NA	NA	NA	NA	NA	NA	NA	NA	NA	NA	PASS	A20	log_and_reproducibility	NA	run 20260731_110021	NA	software and execution audit	NA	NA	NA	NA	Git commit supplied by wrapper environment	run completed successfully; software table records commit 43e2d87aaf5f48c0de17837d3787214ebab60f46 and seed 20260731	stage10C_full.log;stage10C_software_versions.tsv	log contains a nonfatal git-not-a-repository warning because the server analysis tree is not a Git checkout
multiplicity_and_model_audit	results/stage10c/STAGE10C_STATISTICAL_AUDIT.tsv	8b86196fc64ce8cb0fc871e727021c50c6a1316f3cc369353ed83aa959954e1b	all	NA	NA	NA	NA	NA	NA	NA	NA	NA	NA	NA	NA	NA	NA	NA	NA	NA	NA	NA	NA	PASS	A21	lock_integrity	NA	6 modules;747 module-gene rows	NA	SHA256 comparison	NA	NA	NA	NA	no file changes permitted	all three Stage10A hashes match before and after Stage10C	stage10C_input_lock_audit.tsv;stage10C_output_lock_sha256.txt	M02 remains exploratory and cannot be redefined
