section	source_file	source_sha256	module_id	early_condition	late_condition	n_donors	effect	ci_low	ci_high	standardized_effect	p_value	lodo_sign_stability	max_absolute_donor_contribution	donor_ids	cohort	contrast	fdr	expected_discovery_effect	expected_direction	direction_concordant	strong_opposite	donor_robust	panel
GSE161277	figures_final/stage_7_module_effects_source_data.tsv	126ac817c2ba9fada071c56094f689f54ffeb10cb2e7e82c7765fbffa98db20e	Cycling_SB_M01	normal	adenoma	3	-0.42336159512059	-1.38022625730435	0.53350306706317	-1.09909848875144	0.197264339452006	1	0.580528697598265	Patient1;Patient2;Patient3	GSE161277	normal_to_adenoma	0.284444695163678	-1.04697392429299	-1	TRUE	FALSE	TRUE	GSE161277: normal_to_adenoma
GSE161277	figures_final/stage_7_module_effects_source_data.tsv	126ac817c2ba9fada071c56094f689f54ffeb10cb2e7e82c7765fbffa98db20e	Cycling_SB_M02	normal	adenoma	3	0.244369473741394	-0.303519335720648	0.792258283203436	1.10797558708604	0.194976612318929	1	0.574346100584429	Patient1;Patient2;Patient3	GSE161277	normal_to_adenoma	0.284444695163678	1.0575094860934	1	TRUE	FALSE	TRUE	GSE161277: normal_to_adenoma
GSE161277	figures_final/stage_7_module_effects_source_data.tsv	126ac817c2ba9fada071c56094f689f54ffeb10cb2e7e82c7765fbffa98db20e	Stem_progenitor_SB_M02	normal	adenoma	3	1.64533236894036	0.592406218166863	2.69825851971386	3.88178428567445	0.0214135805203572	1	0.407649926582166	Patient1;Patient2;Patient3	GSE161277	normal_to_adenoma	0.128481483122143	0.546438731152687	1	TRUE	FALSE	TRUE	GSE161277: normal_to_adenoma
GSE161277	figures_final/stage_7_module_effects_source_data.tsv	126ac817c2ba9fada071c56094f689f54ffeb10cb2e7e82c7765fbffa98db20e	Stem_progenitor_SB_M10	normal	adenoma	3	0.296852914075654	-0.468372071011639	1.06207789916295	0.963668898780391	0.237037245969732	1	0.630104134667436	Patient1;Patient2;Patient3	GSE161277	normal_to_adenoma	0.284444695163678	0.842245692657102	1	TRUE	FALSE	TRUE	GSE161277: normal_to_adenoma
GSE161277	figures_final/stage_7_module_effects_source_data.tsv	126ac817c2ba9fada071c56094f689f54ffeb10cb2e7e82c7765fbffa98db20e	Stem_progenitor_SB_M12	normal	adenoma	3	0.170337630096262	-0.550341858136689	0.891017118329213	0.58714329679316	0.416176205436284	1	0.67937257307464	Patient1;Patient2;Patient3	GSE161277	normal_to_adenoma	0.416176205436284	0.526840670420438	1	TRUE	FALSE	TRUE	GSE161277: normal_to_adenoma
GSE161277	figures_final/stage_7_module_effects_source_data.tsv	126ac817c2ba9fada071c56094f689f54ffeb10cb2e7e82c7765fbffa98db20e	Stem_progenitor_SB_M16	normal	adenoma	3	0.853727013849376	-0.433455511515265	2.14090953921402	1.64761052053783	0.10398860468533	1	0.478620280472159	Patient1;Patient2;Patient3	GSE161277	normal_to_adenoma	0.284444695163678	0.85566391978458	1	TRUE	FALSE	TRUE	GSE161277: normal_to_adenoma
GSE132465	figures_final/stage_7_module_effects_source_data.tsv	126ac817c2ba9fada071c56094f689f54ffeb10cb2e7e82c7765fbffa98db20e	Cycling_SB_M01	normal	cancer	8	-0.773102298641274	-1.17757314288506	-0.368631454397486	-1.5979636243807	0.00273305418828985	1	0.161279889382384	SMC01;SMC02;SMC03;SMC04;SMC06;SMC07;SMC09;SMC10	GSE132465	normal_to_cancer	0.00327966502594782	-1.71940621437771	-1	TRUE	FALSE	TRUE	GSE132465: normal_to_cancer
GSE132465	figures_final/stage_7_module_effects_source_data.tsv	126ac817c2ba9fada071c56094f689f54ffeb10cb2e7e82c7765fbffa98db20e	Cycling_SB_M02	normal	cancer	8	0.445051916293867	0.346076716967382	0.544027115620353	3.75925197185738	1.42570879709513e-05	1	0.172383704872083	SMC01;SMC02;SMC03;SMC04;SMC06;SMC07;SMC09;SMC10	GSE132465	normal_to_cancer	8.55425278257077e-05	1.27536268683837	1	TRUE	FALSE	TRUE	GSE132465: normal_to_cancer
GSE132465	figures_final/stage_7_module_effects_source_data.tsv	126ac817c2ba9fada071c56094f689f54ffeb10cb2e7e82c7765fbffa98db20e	Stem_progenitor_SB_M02	normal	cancer	8	1.05599064921351	0.722076522690608	1.38990477573642	2.64388417759043	0.000139867864398206	1	0.170559940153048	SMC01;SMC02;SMC03;SMC04;SMC06;SMC07;SMC09;SMC10	GSE132465	normal_to_cancer	0.000419603593194617	0.788025829152807	1	TRUE	FALSE	TRUE	GSE132465: normal_to_cancer
GSE132465	figures_final/stage_7_module_effects_source_data.tsv	126ac817c2ba9fada071c56094f689f54ffeb10cb2e7e82c7765fbffa98db20e	Stem_progenitor_SB_M10	normal	cancer	8	0.373017397325321	0.23545980917665	0.510574985473992	2.26705303933351	0.000363048450183957	1	0.204782738390776	SMC01;SMC02;SMC03;SMC04;SMC06;SMC07;SMC09;SMC10	GSE132465	normal_to_cancer	0.000544572675275935	0.788222694251721	1	TRUE	FALSE	TRUE	GSE132465: normal_to_cancer
GSE132465	figures_final/stage_7_module_effects_source_data.tsv	126ac817c2ba9fada071c56094f689f54ffeb10cb2e7e82c7765fbffa98db20e	Stem_progenitor_SB_M12	normal	cancer	8	-0.13366061944847	-0.328416855036436	0.0610956161394966	-0.573758647159908	0.148654370138722	1	0.248352703315006	SMC01;SMC02;SMC03;SMC04;SMC06;SMC07;SMC09;SMC10	GSE132465	normal_to_cancer	0.148654370138722	0.742926591448534	1	FALSE	FALSE	TRUE	GSE132465: normal_to_cancer
GSE132465	figures_final/stage_7_module_effects_source_data.tsv	126ac817c2ba9fada071c56094f689f54ffeb10cb2e7e82c7765fbffa98db20e	Stem_progenitor_SB_M16	normal	cancer	8	0.915719366119924	0.587588519202304	1.24385021303754	2.3330953356237	0.000304592567360003	1	0.187492229475173	SMC01;SMC02;SMC03;SMC04;SMC06;SMC07;SMC09;SMC10	GSE132465	normal_to_cancer	0.000544572675275935	1.54512473822701	1	TRUE	FALSE	TRUE	GSE132465: normal_to_cancer
GSE132465	figures_final/stage_7_module_effects_source_data.tsv	126ac817c2ba9fada071c56094f689f54ffeb10cb2e7e82c7765fbffa98db20e	Cycling_SB_M01	median_non_epithelial	epithelial	23	0.487584786623405	0.390301192285786	0.584868380961025	2.16734871246883	5.94593775346303e-10	1	0.0983066148242459	SMC01;SMC02;SMC03;SMC04;SMC05;SMC06;SMC07;SMC08;SMC09;SMC10;SMC11;SMC14;SMC15;SMC16;SMC17;SMC18;SMC19;SMC20;SMC21;SMC22;SMC23;SMC24;SMC25	GSE132465	epithelial_specificity	8.91890663019455e-10	1	1	TRUE	FALSE	TRUE	GSE132465: epithelial_specificity
GSE132465	figures_final/stage_7_module_effects_source_data.tsv	126ac817c2ba9fada071c56094f689f54ffeb10cb2e7e82c7765fbffa98db20e	Cycling_SB_M02	median_non_epithelial	epithelial	23	0.522886119129734	0.458605207622644	0.587167030636825	3.51757479076283	4.52001357049618e-14	1	0.0708918600938374	SMC01;SMC02;SMC03;SMC04;SMC05;SMC06;SMC07;SMC08;SMC09;SMC10;SMC11;SMC14;SMC15;SMC16;SMC17;SMC18;SMC19;SMC20;SMC21;SMC22;SMC23;SMC24;SMC25	GSE132465	epithelial_specificity	2.71200814229771e-13	1	1	TRUE	FALSE	TRUE	GSE132465: epithelial_specificity
GSE132465	figures_final/stage_7_module_effects_source_data.tsv	126ac817c2ba9fada071c56094f689f54ffeb10cb2e7e82c7765fbffa98db20e	Stem_progenitor_SB_M02	median_non_epithelial	epithelial	23	0.581356338104338	0.44068748441337	0.722025191795307	1.78715704280472	1.84501905897677e-08	1	0.0855490551617365	SMC01;SMC02;SMC03;SMC04;SMC05;SMC06;SMC07;SMC08;SMC09;SMC10;SMC11;SMC14;SMC15;SMC16;SMC17;SMC18;SMC19;SMC20;SMC21;SMC22;SMC23;SMC24;SMC25	GSE132465	epithelial_specificity	1.84501905897677e-08	1	1	TRUE	FALSE	TRUE	GSE132465: epithelial_specificity
GSE132465	figures_final/stage_7_module_effects_source_data.tsv	126ac817c2ba9fada071c56094f689f54ffeb10cb2e7e82c7765fbffa98db20e	Stem_progenitor_SB_M10	median_non_epithelial	epithelial	23	0.449147120419152	0.387829656466601	0.510464584371703	3.16754423788555	3.80705431902361e-13	1	0.0763584003277088	SMC01;SMC02;SMC03;SMC04;SMC05;SMC06;SMC07;SMC08;SMC09;SMC10;SMC11;SMC14;SMC15;SMC16;SMC17;SMC18;SMC19;SMC20;SMC21;SMC22;SMC23;SMC24;SMC25	GSE132465	epithelial_specificity	1.14211629570708e-12	1	1	TRUE	FALSE	TRUE	GSE132465: epithelial_specificity
GSE132465	figures_final/stage_7_module_effects_source_data.tsv	126ac817c2ba9fada071c56094f689f54ffeb10cb2e7e82c7765fbffa98db20e	Stem_progenitor_SB_M12	median_non_epithelial	epithelial	23	0.321234786737854	0.252372650562464	0.390096922913245	2.01725282380541	2.19701549004053e-09	1	0.0801789315890683	SMC01;SMC02;SMC03;SMC04;SMC05;SMC06;SMC07;SMC08;SMC09;SMC10;SMC11;SMC14;SMC15;SMC16;SMC17;SMC18;SMC19;SMC20;SMC21;SMC22;SMC23;SMC24;SMC25	GSE132465	epithelial_specificity	2.63641858804864e-09	1	1	TRUE	FALSE	TRUE	GSE132465: epithelial_specificity
GSE132465	figures_final/stage_7_module_effects_source_data.tsv	126ac817c2ba9fada071c56094f689f54ffeb10cb2e7e82c7765fbffa98db20e	Stem_progenitor_SB_M16	median_non_epithelial	epithelial	23	0.649280419688797	0.535047544202967	0.763513295174628	2.45787306739734	5.59821736739122e-11	1	0.0666082487647183	SMC01;SMC02;SMC03;SMC04;SMC05;SMC06;SMC07;SMC08;SMC09;SMC10;SMC11;SMC14;SMC15;SMC16;SMC17;SMC18;SMC19;SMC20;SMC21;SMC22;SMC23;SMC24;SMC25	GSE132465	epithelial_specificity	1.11964347347824e-10	1	1	TRUE	FALSE	TRUE	GSE132465: epithelial_specificity
